Cartridge S/N,STATUS,Cartridge,สาเหตุไม่ผ่าน QC,วันที่รับเข้า Stock x,วันที่รับเข้า Stock,Clinic,Clinic x,เก็บที่,์Note,Sale ที่เบิก,เบิกเพื่อ,วันที่เบิก,Stock Cartridge 2,Stock Cartridge
FLA225110069,พร้อมขาย,A2.0,"
",28/02/2025,,,"
",โกดัง,,,,,,
FLA225110071,พร้อมขาย,A2.0,"
",28/02/2025,,,"
",โกดัง,,,,,,
FLA225110076,พร้อมขาย,A2.0,"
",28/02/2025,,,"
",โกดัง,,,,,,
FLA225310108,พร้อมขาย,A2.0,,,13/05/2025,,,,,,,,,
FLA225710198,พร้อมขาย,A2.0,,,14/08/2025,,,โกดัง,,,,,,
FLA225910197,พร้อมขาย,A2.0,,,07/12/2025,,,,,,,,,
FLA225910199,พร้อมขาย,A2.0,,,07/12/2025,,,,,,,,,
FLA225B10231,พร้อมขาย,A2.0,,,25/12/2025,,,โกดัง,,,,,,
FLA225B10232,พร้อมขาย,A2.0,,,25/12/2025,,,โกดัง,,,,,,
FLA225B10233,พร้อมขาย,A2.0,,,25/12/2025,,,โกดัง,,,,,,
FLA225B10234,พร้อมขาย,A2.0,,,25/12/2025,,,โกดัง,,,,,,
FLA225B10235,พร้อมขาย,A2.0,,,25/12/2025,,,โกดัง,,,,,,
FLA226100003,พร้อมขาย,A2.0,,,02/02/2026,,,โกดัง,,,,,,
FLA226100005,พร้อมขาย,A2.0,,,02/02/2026,,,โกดัง,,,,,,
FLA226100006,พร้อมขาย,A2.0,,,02/02/2026,,,โกดัง,,,,,,
FLA226100010,พร้อมขาย,A2.0,,,02/02/2026,,,โกดัง,,,,,,
FLA226100011,พร้อมขาย,A2.0,,,02/02/2026,,,โกดัง,,,,,,
FLA226100012,พร้อมขาย,A2.0,,,02/02/2026,,,Office,,,,,,
FLA226100014,พร้อมขาย,A2.0,,,02/02/2026,,,Office,,,,,,
FLA226100015,พร้อมขาย,A2.0,,,02/02/2026,,,Office,,,,,,
FLA223910158,ขายแล้ว,A2.0,"
",10/01/2025,,,Victory M clinic,Office,,,,,,
FLA223910177,ขายแล้ว,A2.0,"
",10/01/2025,,,"YKJ Medical Clinic
",โกดัง,,,,,,
FLA223910187,ขายแล้ว,A2.0,"
",10/01/2025,,,A-listic clinic,Office,,,,,,
FLA223910175,ขายแล้ว,A2.0,"
",10/01/2025,,,Thana Clinic (บ้านโป่ง),Office,,,,,,
FLA224510133,ขายแล้ว,A2.0,"
",10/01/2025,,,Meruk Clinic,Office,,,,,,
FLA224210113,ขายแล้ว,A2.0,"
",10/01/2025,,,"KRM Clinic
",Office,,,,,,
FLA224210114,ขายแล้ว,A2.0,"
",10/01/2025,,Kay Hay Clinic (รังสิต),,Office,,Chananpas,เบิกขาย,02/05/2025,,
FLA224210115,ขายแล้ว,A2.0,"
",10/01/2025,,Victory M clinic,,Office,,Ruangkhaow,เบิกขาย,26/05/2025,,
FLA224210117,ขายแล้ว,A2.0,"
",17/01/2025,,,Meruk Clinic,โกดัง,,,,,,
FLA225110003,ขายแล้ว,A2.0,"
",17/01/2025,,,Kay Hay Clinic (พระราม 2),โกดัง,,,,,,
FLA223210026,ขายแล้ว,A2.0,"
",17/01/2025,,,Amor Clinic,โกดัง,,,,,,
FLA223610085,ขายแล้ว,A2.0,"
",17/01/2025,,,Biyo Clinic,โกดัง,,,,,,
FLA225110053,ขายแล้ว,A2.0,"
",17/02/2025,,,KAY Clinic (พญาไท),โกดัง,,,,,,
FLA225110054,ขายแล้ว,A2.0,"
",17/02/2025,,,Mantra Clinic,โกดัง,,,,,,
FLA225110055,ขายแล้ว,A2.0,"
",17/02/2025,,,Natcha Clinic,โกดัง,,,,,,
FLA225110056,ขายแล้ว,A2.0,"
",17/02/2025,,Revize clinic,"
",โกดัง,,,,13/03/2025,,
FLA225110057,ขายแล้ว,A2.0,"
",17/02/2025,,Audrey Clinic,"
",โกดัง,,,,17/03/2025,,
FLA225110060,ขายแล้ว,A2.0,"
",28/02/2025,,Audrey Clinic,"
",โกดัง,,,,17/03/2025,,
FLA225110061,ขายแล้ว,A2.0,"
",28/02/2025,,Boyoung clinic,"
",โกดัง,,,,13/03/2025,,
FLA225110062,ขายแล้ว,A2.0,"
",28/02/2025,,Soluna Clinic,"
",โกดัง,,,,25/03/2025,,
FLA225110063,ขายแล้ว,A2.0,"
",28/02/2025,,Jins Clinic,"
",โกดัง,,Varn,,09/04/2025,,
FLA225110068,ขายแล้ว,A2.0,"
",28/02/2025,,Skin Serve Beauty center เวียงจันทร์,"
",โกดัง,,,,,,
FLA225110072,ขายแล้ว,A2.0,"
",28/02/2025,,Kritthada clinic,"
",โกดัง,,pangrum,เบิกขาย,04/08/2025,,
FLA225110077,ขายแล้ว,A2.0,"
",28/02/2025,,Victory M clinic,"
",โกดัง,,pangrum,เบิกขาย,25/09/2025,,
FLA225110078,ขายแล้ว,A2.0,"
",28/02/2025,,Biyo clinic,"
",โกดัง,,Chananpas,เบิกขาย,,,
FLA225110079,ขายแล้ว,A2.0,"
",28/02/2025,,Prime Clinic ,"
",โกดัง,,,,,,
FLA225110080,ขายแล้ว,A2.0,"
",28/02/2025,,Kay Clinic by Dr.Bell (พญาไท-เมืองทองธานี),"
",โกดัง,,Chananpas,เบิกขาย,29/09/2025,,
FLA225110052,ขายแล้ว,A2.0,,,17/02/2025,Kay Clinic by Dr.Bell (พญาไท-เมืองทองธานี),,,,Optima Aesthetic,เบิกขาย,21/02/2025,,
FLA225110052,ขายแล้ว,A2.0,,,17/02/2025,Kay Clinic by Dr.Bell (พญาไท-เมืองทองธานี),,,,,,26/02/2025,,
FLA225110055,ขายแล้ว,A2.0,,,17/02/2025,Natcha Clinic,,โกดัง,,,,08/03/2025,,
FLA225110054,ขายแล้ว,A2.0,,,17/02/2025,Mantra Clinic,,โกดัง,,,,06/03/2025,,
FLA224210113,ขายแล้ว,A2.0,,,10/01/2025,KRM Clinic,,Office,,,,07/02/2025,,
FLA223610085,ขายแล้ว,A2.0,,,17/01/2025,Biyo clinic,,โกดัง,,,,05/02/2025,,
FLA223210026,ขายแล้ว,A2.0,,,17/01/2025,Amor Clinic,,โกดัง,,,,05/02/2025,,
FLA223910175,ขายแล้ว,A2.0,,,10/01/2025,Thana Clinic (บ้านโป่ง),,Office,,,,04/02/2025,,
FLA225110003,ขายแล้ว,A2.0,,,17/01/2025,Kay Hay Clinic (พระราม 2),,โกดัง,,,,31/01/2025,,
FLA224510133,ขายแล้ว,A2.0,,,10/01/2025,Meruk Clinic,,Office,,,,29/01/2025,,
FLA223910177,ขายแล้ว,A2.0,,,10/01/2025,YKJ Medical Clinic,,โกดัง,,,,22/01/2025,,
FLA224610199,ขายแล้ว,A2.0,,,23/12/2024,Kay Hay Clinic (กาญจนา),,โกดัง,,,,09/01/2025,,
FLA224210104,ขายแล้ว,A2.0,,,23/12/2024,Kay Hay Clinic (รังสิต),,โกดัง,,,,09/01/2025,,
FLA223710137,ขายแล้ว,A2.0,,,25/11/2024,Rukkhun clinic (สาขา 3 ธัญบุรี),,โกดัง,,,,26/12/2024,,
FLA223710139,ขายแล้ว,A2.0,,,25/11/2024,Rukkhun clinic (สาขา 3 ธัญบุรี),,โกดัง,,,,26/12/2024,,
FLA223710112,ขายแล้ว,A2.0,,,25/11/2024,Zelene Clinic,,โกดัง,,,,23/12/2024,,
FLA223910142,ขายแล้ว,A2.0,,,15/11/2024,Glamour Clinic,,โกดัง,,,,07/12/2024,,
FLA224610197,ขายแล้ว,A2.0,,,15/11/2024,Have a good Clinic,,โกดัง,,,,04/12/2024,,
FLA224610195,ขายแล้ว,A2.0,,,15/11/2024,Refind Haus Clinic,,โกดัง,,,,03/12/2024,,
FLA224610193,ขายแล้ว,A2.0,,,15/11/2024,KVK Clinic (สาขา 3),,โกดัง,,,,03/12/2024,,
FLA224610194,ขายแล้ว,A2.0,,15/11/2024,,KVK Clinic (สาขา 3),,โกดัง,,,,03/12/2024,,
FLA223210044,ขายแล้ว,A2.0,,,15/11/2024,The Klinique (ไอคอนสยาม-ภูเก็ต),,โกดัง,,,,02/12/2024,,
FLA223210027,ขายแล้ว,A2.0,,,15/11/2024,The Klinique (เมกาบางนา),,โกดัง,,,,22/11/2024,,
FLA223210023,ขายแล้ว,A2.0,,,15/11/2024,The Klinique (ฟิวเจอร์ปาร์ครังสิต),,โกดัง,,,,19/11/2024,,
FLA223210018,ขายแล้ว,A2.0,,,15/11/2024,The Klinique (วันแบงค็อก-เวสต์วิลล์),,โกดัง,,,,18/11/2024,,
FLA224210110,ขายแล้ว,A2.0,,,21/10/2024,The Klinique (เมอคิวรี่ ชิดลม-เชียงใหม่),,โกดัง,,,,11/11/2024,,
FLA224210063,ขายแล้ว,A2.0,,,06/11/2024,The Klinique (เซ็นทรัลเวิล์ด-พระราม2),,โกดัง,,,,10/11/2024,,
FLA224210105,ขายแล้ว,A2.0,,,21/10/2024,The Klinique (ทองหล่อ-อุดรธานี),,โกดัง,,,,29/10/2024,,
FLA224210107,ขายแล้ว,A2.0,,,21/10/2024,The Klinique (เอ็มโพเรียม-นครศรีธรรมราช),,โกดัง,,,,25/10/2024,,
FLA224210109,ขายแล้ว,A2.0,,,21/10/2024,The Klinique (ปิ่นเกล้า-หาดใหญ่),,โกดัง,,,,23/10/2024,,
FLA224210119,ขายแล้ว,A2.0,,,10/10/2024,รักตะ คลินิก (บ้านโป่ง),,โกดัง,,,,19/10/2024,,
FLA224510177,ขายแล้ว,A2.0,,,10/10/2024,รักตะ คลินิก (ในเมือง),,โกดัง,,,,19/10/2024,,
FLA224510175,ขายแล้ว,A2.0,,,10/10/2024,The Klinique (พารากอน-อุบลราชธานี),,โกดัง,,,,17/10/2024,,
FLA224210120,ขายแล้ว,A2.0,,,10/10/2024,Tactile Clinic,,โกดัง,,,,16/10/2024,,
FLA224510167,ขายแล้ว,A2.0,,,10/10/2024,The Art Clinic,,โกดัง,,,,07/10/2024,,
FLA224510165,ขายแล้ว,A2.0,,,28/03/2025,Dermist Clinic,,โกดัง,,pangrum,เบิกขาย,05/05/2025,,
FLA224510169,ขายแล้ว,A2.0,,,28/03/2025,Warattaya clinic,,โกดัง,,Ruangkhaow,เบิกขาย,07/05/2025,,
FLA224510170,ขายแล้ว,A2.0,,,28/03/2025,Doctor Non Clinic,,โกดัง,,Chananpas,เบิกขาย,08/05/2025,,
FLA224510171,ขายแล้ว,A2.0,,,28/03/2025,Kisssi Clinic สาขาระยอง,,โกดัง,,Chananpas,เบิกขาย,08/05/2025,,
FLA224510172,ขายแล้ว,A2.0,,,28/03/2025,,,โกดัง,,,,,,
FLA224210102,ขายแล้ว,A2.0,,,,กิตติศักดิ์ คลินิก,,,,,,23/09/2024,,
FLA224510147,ขายแล้ว,A2.0,,,,22's. Clinic,,,,,,17/09/2024,,
FLA224510156,ขายแล้ว,A2.0,,,,REDERMi Clinic,,,,,,30/08/2024,,
FLA224210092,ขายแล้ว,A2.0,,,,Vinfinity clinic,,,,,,16/06/2024,,
FLA225310103,ขายแล้ว,A2.0,,,13/05/2025,Baanluxah Clinic (Doolair Clinic),,,,Ruangkhaow,เบิกขาย,30/05/2025,,
FLA225310104,ขายแล้ว,A2.0,,,13/05/2025,Belove Wellness Clinic,,,,Chananpas,เบิกขาย,13/06/2025,,
FLA225310105,ขายแล้ว,A2.0,,,13/05/2025,Real Ramita Clinic,,,,,,,,
FLA225310109,ขายแล้ว,A2.0,,,13/05/2025,Victory M clinic,,,,pangrum,เบิกขาย,07/01/2026,,
FLA225810158,ขายแล้ว,A2.0,,,01/09/2025,Velarose Clinic,,,,,,,,
FLA225810159,ขายแล้ว,A2.0,,,01/09/2025,Lumos Clinic,,โกดัง,,,,,,
FLA225810160,ขายแล้ว,A2.0,,,01/09/2025,Rawiporn Clinic (Mor Ice Clinic),,โกดัง,,,,,,
FLA225810164,ขายแล้ว,A2.0,,,01/09/2025,Dr.Narin Plastic Surgery Clinic,,โกดัง,,,,,,
FLA225110020,ไม่ผ่าน QC,A2.0,"
",22/01/2025,,,"
",โกดัง,,,,,,
FLA225110024,ไม่ผ่าน QC,A2.0,"
",22/01/2025,,,"
",โกดัง,,,,,,
FLA225110029,ไม่ผ่าน QC,A2.0,กาวในหัวหลุด,22/01/2025,,,"
",โกดัง,,,,,,
FLA225110052,ไม่ผ่าน QC,A2.0,กาวในหัวหลุด,17/02/2025,,,"
",โกดัง,,,,,,
FLA225110070,ไม่ผ่าน QC,A2.0,เพราะอะไร?,28/02/2025,,,"
",โกดัง,,,,,,
FLA225810163,ไม่ผ่าน QC,A2.0,Error อ่านค่าเป็น A3.0,,01/09/2025,,,ส่งกลับตปท.,,,,,,
FLA225110064,DEMO,A2.0,"
",28/02/2025,,,"
",โกดัง,,Not not,เบิก DEMO,03/06/2025,,
FLA225110073,DEMO,A2.0,"
",28/02/2025,,,,โกดัง,,Not not,เบิก DEMO,25/08/2025,,
FLA225110065,Support Marketing,A2.0,"
",28/02/2025,,Thana Clinic (บ้านโป่ง),"
",โกดัง,,phatcharanat,Support Marketing,,,
FLA225110074,Support Marketing,A2.0,"
",28/02/2025,,22's. Clinic,"
",Office,,Chananpas,Support Marketing,03/06/2025,,
FLA225110017,Service,A2.0,"
",22/01/2025,,,"
",โกดัง,,Saharat,Service,,,
FLA225110027,Service,A2.0,"
",22/01/2025,,,"
",โกดัง,,Saharat,Service,,,
FLA325310209,Claim,A3.0,,,13/05/2025,The Art Clinic,,,,Pornnapa,เบิกเคลม,,,
FLA325510449,Claim,A3.0,,,27/06/2025,Kay Hay Clinic (พระราม 2),,โกดัง,,Betsy,เบิกเคลม,15/10/2025,,
FLA325710546,Claim,A3.0,,,09/07/2025,22's. Clinic,,โกดัง,,Betsy,เบิกเคลม,,,
FLA325710547,Claim,A3.0,,,09/07/2025,Clarity Clinic ,,โกดัง,,Saharat,เบิกเคลม,22/09/2025,,
FLA325C11007,Claim,A3.0,,,25/12/2025,Kay Hay Clinic (พระราม 2),,,,Saharat,เบิกเคลม,06/01/2026,,
FLA325C11022,Claim,A3.0,,,25/12/2025,Thana Clinic (บ้านโป่ง),,,,,,,,
FLA325C11023,Claim,A3.0,,,25/12/2025,Refind Haus Clinic,,,,,,,,
FLA324810546,พร้อมขาย,A3.0,"
",10/01/2025,,,"
",Office,,,,,,
FLA325510446,พร้อมขาย,A3.0,,,27/06/2025,,,โกดัง,,,,,,
FLA325510448,พร้อมขาย,A3.0,,,27/06/2025,,,โกดัง,,,,,,
FLA325810670,พร้อมขาย,A3.0,,,01/09/2025,,,โกดัง,,,,,,
FLA325C10969,พร้อมขาย,A3.0,,,25/12/2025,,,โกดัง,,,,,,
FLA325C11012,พร้อมขาย,A3.0,,,25/12/2025,,,โกดัง,,,,,,
FLA325C11014,พร้อมขาย,A3.0,,,25/12/2025,,,โกดัง,,,,,,
FLA325C11019,พร้อมขาย,A3.0,,,25/12/2025,,,Office,,,,,,
FLA325C11064,พร้อมขาย,A3.0,,,02/02/2026,,,โกดัง,,,,,,
FLA325C11065,พร้อมขาย,A3.0,,,02/02/2026,,,โกดัง,,,,,,
FLA325C11066,พร้อมขาย,A3.0,,,02/02/2026,,,โกดัง,,,,,,
FLA326110002,พร้อมขาย,A3.0,,,02/02/2026,,,โกดัง,,,,,,
FLA326110003,พร้อมขาย,A3.0,,,02/02/2026,,,โกดัง,,,,,,
FLA326110006,พร้อมขาย,A3.0,,,02/02/2026,,,Office,,,,,,
FLA326110008,พร้อมขาย,A3.0,,,02/02/2026,,,Office,,,,,,
FLA324810562,ขายแล้ว,A3.0,"
",23/12/2024,,,YKJ Medical Clinic,โกดัง,,,,,,
FLA324C10751,ขายแล้ว,A3.0,"
",23/12/2024,,,Kay Hay Clinic (พระราม 2),โกดัง,,,,,,
FLA324810559,ขายแล้ว,A3.0,"
",10/01/2025,,,The Arty,Office,,Varn,เบิกขาย,10/03/2025,,
FLA323710123,ขายแล้ว,A3.0,"
",10/01/2025,,Kritthada clinic,,Office,,pangrum,เบิกขาย,31/03/2025,,
FLA323910242,ขายแล้ว,A3.0,"
",10/01/2025,,,Amor Clinic,Office,,,,,,
FLA324510493,ขายแล้ว,A3.0,"
",10/01/2025,,,Biyo Clinic,Office,,,,,,
FLA324B10686,ขายแล้ว,A3.0,"
",10/01/2025,,Clarity Clinic ,,Office,,,,01/04/2025,,
FLA324B10689,ขายแล้ว,A3.0,"
",10/01/2025,,Victory M clinic,"
",Office,,Ruangkhaow,เบิกขาย,29/04/2025,,
FLA324810533,ขายแล้ว,A3.0,"
",10/01/2025,,,KRM Clinic,Office,,,,,,
FLA324810536,ขายแล้ว,A3.0,"
",10/01/2025,,,Iskin clinic,Office,,,,,,
FLA324c10777,ขายแล้ว,A3.0,"
",17/01/2025,,,Meruk Clinic,โกดัง,,,,,,
FLA324c10778,ขายแล้ว,A3.0,"
",17/01/2025,,,Thana Clinic (บ้านโป่ง),โกดัง,,,,,,
FLA324c10779,ขายแล้ว,A3.0,"
",17/01/2025,,,Thana Clinic (บ้านโป่ง),โกดัง,,,,,,
FLA324C10790,ขายแล้ว,A3.0,"
",17/01/2025,,,Meruk Clinic,โกดัง,,,,,,
FLA325110036,ขายแล้ว,A3.0,"
",17/02/2025,,,KAY Clinic (พญาไท),โกดัง,,,,,,
FLA325110037,ขายแล้ว,A3.0,"
",17/02/2025,,Revize clinic,"
",โกดัง,,,,13/03/2025,,
FLA325110038,ขายแล้ว,A3.0,"
",17/02/2025,,Audrey Clinic,"
",โกดัง,,,,17/03/2025,,
FLA325110039,ขายแล้ว,A3.0,"
",17/02/2025,,,Mantra Clinic,โกดัง,,,,,,
FLA325110040,ขายแล้ว,A3.0,"
",17/02/2025,,,Natcha Clinic,โกดัง,,,,,,
FLA325110072,ขายแล้ว,A3.0,"
",28/02/2025,,Audrey Clinic,,โกดัง,,,,17/03/2025,,
FLA325110073,ขายแล้ว,A3.0,"
",28/02/2025,,Boyoung clinic,,โกดัง,,,,13/03/2025,,
FLA325110074,ขายแล้ว,A3.0,"
",28/02/2025,,Soluna Clinic,"
",โกดัง,,,,25/03/2025,,
FLA325110075,ขายแล้ว,A3.0,"
",28/02/2025,,Mio Clinic,,โกดัง,,,,,,
FLA325210085,ขายแล้ว,A3.0,"
",28/02/2025,,Mio Clinic,,โกดัง,,,,,,
FLA325210086,ขายแล้ว,A3.0,"
",28/02/2025,,Jins Clinic,"
",โกดัง,,Varn,,09/04/2025,,
FLA325210102,ขายแล้ว,A3.0,"
",28/02/2025,,Kay Hay Clinic (รังสิต),"
",โกดัง,,Chananpas,เบิกขาย,02/05/2025,,
FLA325210103,ขายแล้ว,A3.0,"
",28/02/2025,,Victory M clinic,"
",โกดัง,,Ruangkhaow,เบิกขาย,21/05/2025,,
FLA325210104,ขายแล้ว,A3.0,"
",28/02/2025,,Kay Clinic by Dr.Bell (พญาไท-เมืองทองธานี),"
",โกดัง,,Chananpas,เบิกขาย,29/05/2025,,
FLA325110036,ขายแล้ว,A3.0,,,17/02/2025,Kay Clinic by Dr.Bell (พญาไท-เมืองทองธานี),,,,,,26/02/2025,,
FLA325110040,ขายแล้ว,A3.0,,,17/02/2025,Natcha Clinic,,โกดัง,,,,08/03/2025,,
FLA325110039,ขายแล้ว,A3.0,,,17/02/2025,Mantra Clinic,,โกดัง,,,,06/03/2025,,
FLA324810533,ขายแล้ว,A3.0,,,10/01/2025,KRM Clinic,,Office,,,,07/02/2025,,
FLA324510493,ขายแล้ว,A3.0,,,10/01/2025,Biyo clinic,,Office,,,,05/02/2025,,
FLA323910242,ขายแล้ว,A3.0,,,10/01/2025,Amor Clinic,,Office,,,,05/02/2025,,
FLA324c10778,ขายแล้ว,A3.0,,,17/01/2025,Thana Clinic (บ้านโป่ง),,โกดัง,,,,04/02/2025,,
FLA324c10779,ขายแล้ว,A3.0,,,17/01/2025,Thana Clinic (บ้านโป่ง),,โกดัง,,,,04/02/2025,,
FLA324C10751,ขายแล้ว,A3.0,,,23/12/2024,Kay Hay Clinic (พระราม 2),,โกดัง,,,,31/01/2025,,
FLA324C10777,ขายแล้ว,A3.0,,,17/01/2025,Meruk Clinic,,โกดัง,,,,29/01/2025,,
FLA324810562,ขายแล้ว,A3.0,,,23/12/2024,YKJ Medical Clinic,,โกดัง,,,,22/01/2025,,
FLA324C10750,ขายแล้ว,A3.0,,,23/12/2024,Kay Hay Clinic (กาญจนา),,โกดัง,,,,09/01/2025,,
FLA324B10740,ขายแล้ว,A3.0,,,23/12/2024,Kay Hay Clinic (รังสิต),,โกดัง,,,,09/01/2025,,
FLA324B10685,ขายแล้ว,A3.0,,,25/11/2024,Rukkhun clinic (สาขา 3 ธัญบุรี),,โกดัง,,,,26/12/2024,,
FLA324B10684,ขายแล้ว,A3.0,,,05/11/2024,Zelene Clinic,,โกดัง,,,,23/12/2024,,
FLA324B10673,ขายแล้ว,A3.0,,,15/11/2024,Glamour Clinic,,โกดัง,,,,07/12/2024,,
FLA324B10671,ขายแล้ว,A3.0,,,15/11/2024,Have a good Clinic,,โกดัง,,,,04/12/2024,,
FLA324B10669,ขายแล้ว,A3.0,,,15/11/2024,Refind Haus Clinic,,โกดัง,,,,03/12/2024,,
FLA324B10667,ขายแล้ว,A3.0,,,15/11/2024,KVK Clinic (สาขา 3),,โกดัง,,,,03/12/2024,,
FLA324B10668,ขายแล้ว,A3.0,,,15/11/2024,KVK Clinic (สาขา 3),,โกดัง,,,,03/12/2024,,
FLA324B10664,ขายแล้ว,A3.0,,,15/11/2024,The Klinique (ไอคอนสยาม-ภูเก็ต),,โกดัง,,,,02/12/2024,,
FLA324B10663,ขายแล้ว,A3.0,,,15/11/2024,The Klinique (เมกาบางนา),,โกดัง,,,,22/11/2024,,
FLA324B10662,ขายแล้ว,A3.0,,,15/11/2024,The Klinique (ฟิวเจอร์ปาร์ครังสิต),,โกดัง,,,,19/11/2024,,
FLA324B10661,ขายแล้ว,A3.0,,,15/11/2024,The Klinique (วันแบงค็อก-เวสต์วิลล์),,โกดัง,,,,18/11/2024,,
FLA324510492,ขายแล้ว,A3.0,,,06/11/2024,The Klinique (เมอคิวรี่ ชิดลม-เชียงใหม่),,โกดัง,,,,11/11/2024,,
FLA324510494,ขายแล้ว,A3.0,,,06/11/2024,The Klinique (เซ็นทรัลเวิล์ด-พระราม2),,โกดัง,,,,10/11/2024,,
FLA323210007,ขายแล้ว,A3.0,,,21/10/2024,The Klinique (ทองหล่อ-อุดรธานี),,โกดัง,,,,29/10/2024,,
FLA323910240,ขายแล้ว,A3.0,,,21/10/2024,The Klinique (เอ็มโพเรียม-นครศรีธรรมราช),,โกดัง,,,,25/10/2024,,
FLA324210176,ขายแล้ว,A3.0,,,21/10/2024,The Klinique (ปิ่นเกล้า-หาดใหญ่),,โกดัง,,,,23/10/2024,,
FLA324810542,ขายแล้ว,A3.0,,,10/10/2024,รักตะ คลินิก (บ้านโป่ง),,โกดัง,,,,19/10/2024,,
FLA324810543,ขายแล้ว,A3.0,,,10/10/2024,รักตะ คลินิก (ในเมือง),,โกดัง,,,,19/10/2024,,
FLA324810557,ขายแล้ว,A3.0,,,10/10/2024,The Klinique (พารากอน-อุบลราชธานี),,โกดัง,,,,17/10/2024,,
FLA324810545,ขายแล้ว,A3.0,,,10/10/2024,Tactile Clinic,,โกดัง,,,,16/10/2024,,
FLA324810560,ขายแล้ว,A3.0,,,10/10/2024,The Art Clinic,,โกดัง,,,,07/10/2024,,
FLA325210145,ขายแล้ว,A3.0,,,28/03/2025,Dermist Clinic,,โกดัง,,pangrum,เบิกขาย,05/05/2025,,
FLA325210146,ขายแล้ว,A3.0,,,28/03/2025,Warattaya clinic,,โกดัง,,Ruangkhaow,เบิกขาย,07/05/2025,,
FLA325210147,ขายแล้ว,A3.0,,,28/03/2025,Doctor Non Clinic,,โกดัง,,Chananpas,เบิกขาย,08/05/2025,,
FLA325210148,ขายแล้ว,A3.0,,,28/03/2025,Kisssi Clinic สาขาระยอง,,โกดัง,,Chananpas,เบิกขาย,08/05/2025,,
FLA325210149,ขายแล้ว,A3.0,,,28/03/2025,,,โกดัง,,,,,,
FLA325210150,ขายแล้ว,A3.0,,,28/03/2025,The Connection clinic,,โกดัง,,Optima Aesthetic,,01/06/2025,,
FLA325210151,ขายแล้ว,A3.0,,,28/03/2025,Kay Clinic by Dr.Bell (พญาไท-เมืองทองธานี),,โกดัง,,Chananpas,เบิกขาย,16/06/2025,,
FLA325210152,ขายแล้ว,A3.0,,,28/03/2025,Biyo clinic,,โกดัง,,Chananpas,เบิกขาย,,,
FLA324B10686,ขายแล้ว,A3.0,,,10/01/2025,Clarity Clinic ,,Office,,,,01/04/2025,,
FLA323610094,ขายแล้ว,A3.0,,,,กิตติศักดิ์ คลินิก,,,,,,23/09/2024,,
FLA324210122,ขายแล้ว,A3.0,,,,22's. Clinic,,,,,,17/09/2024,,
FLA323910243,ขายแล้ว,A3.0,,,,REDERMi Clinic,,,,,,30/08/2024,,
FLA324410417,ขายแล้ว,A3.0,,,,Vinfinity clinic,,,,,,16/06/2024,,
FLA325310206,ขายแล้ว,A3.0,,,13/05/2025,Baanluxah Clinic (Doolair Clinic),,,,Ruangkhaow,เบิกขาย,30/05/2025,,
FLA325310207,ขายแล้ว,A3.0,,,13/05/2025,Belove Wellness Clinic,,,,Chananpas,เบิกขาย,13/06/2025,,
FLA325310208,ขายแล้ว,A3.0,,,13/05/2025,Reals Aesthetic Center,,,,pangrum,,,,
FLA325410282,ขายแล้ว,A3.0,,,13/05/2025,The Art Clinic,,,,Varn,เบิกขาย,27/06/2025,,
FLA325510440,ขายแล้ว,A3.0,,,27/06/2025,Real Ramita Clinic,,โกดัง,,,,,,
FLA325510442,ขายแล้ว,A3.0,,,27/06/2025,The Bloom Clinic,,โกดัง,,,,,,
FLA325510443,ขายแล้ว,A3.0,,,27/06/2025,The Bloom Clinic,,โกดัง,,,,,,
FLA325510444,ขายแล้ว,A3.0,,,27/06/2025,SRIS Wellnees Clinic,,โกดัง,,,,,,
FLA325510445,ขายแล้ว,A3.0,,,27/06/2025,BetterKhun BK Clinic,,โกดัง,,,,,,
FLA325710544,ขายแล้ว,A3.0,,,09/07/2025,Kay Hay Clinic (กาญจนา),,โกดัง,,Chananpas,เบิกขาย,08/09/2025,,
FLA325710545,ขายแล้ว,A3.0,,,09/07/2025,Dr.Orawan clinic,,โกดัง,,pangrum,เบิกขาย,23/09/2025,,
FLA325710548,ขายแล้ว,A3.0,,,09/07/2025,Kay Hay Clinic (รังสิต),,โกดัง,,Chananpas,เบิกขาย,29/10/2025,,
FLA325710549,ขายแล้ว,A3.0,,,09/07/2025,Victory M clinic,,โกดัง,,pangrum,เบิกขาย,03/11/2025,,
FLA325710650,ขายแล้ว,A3.0,,,14/08/2025,BetterKhun BK Clinic,,โกดัง,,Chananpas,เบิกขาย,12/12/2025,,
FLA325810658,ขายแล้ว,A3.0,,,01/09/2025,Velarose Clinic,,โกดัง,,,,,,
FLA325810660,ขายแล้ว,A3.0,,,01/09/2025,Lumos Clinic,,โกดัง,,,,,,
FLA325810661,ขายแล้ว,A3.0,,,01/09/2025,Rawiporn Clinic (Mor Ice Clinic),,โกดัง,,,,,,
FLA325810664,ขายแล้ว,A3.0,,,01/09/2025,Dr.Orawan clinic,,โกดัง,,pangrum,เบิกขาย,13/11/2025,,
FLA325710665,ขายแล้ว,A3.0,,,01/09/2025,Thana Clinic (บ้านโป่ง),,โกดัง,,pangrum,เบิกขาย,25/12/2025,,
FLA325810669,ขายแล้ว,A3.0,,,01/09/2025,Meruk Clinic,,โกดัง,,pangrum,เบิกขาย,07/01/2026,,
FLA325810671,ขายแล้ว,A3.0,,,01/09/2025,Skin Serve Beauty center เวียงจันทร์,,โกดัง,,,,,,
FLA325810672,ขายแล้ว,A3.0,,,01/09/2025,Dr.Narin Plastic Surgery Clinic,,โกดัง,,,,,,
FLA325810673,ขายแล้ว,A3.0,,,01/09/2025,Tactile Clinic,,โกดัง,,Chananpas,เบิกขาย,21/01/2026,,
FLA325910840,ขายแล้ว,A3.0,,,07/12/2025,Soluna Clinic,,,,Varn,เบิกขาย,04/02/2026,,
FLA325C11015,ขายแล้ว,A3.0,,,25/12/2025,หมอทราย หมอฟ้า คลินิกปากช่อง,,โกดัง,,,,,,
FLA325C11018,ขายแล้ว,A3.0,,,25/12/2025,Mellow Clinic ,,Office,,,,,,
FLA325C11020,ขายแล้ว,A3.0,,,25/12/2025,Prime Clinic ,,,,,,,,
FLA326110004,ขายแล้ว,A3.0,,,02/02/2026,Kritthada clinic,,Office,,Vi,เบิกขาย,17/03/2026,,
FLA324C10776,ไม่ผ่าน QC,A3.0,CODE 10,17/01/2025,,,"
",โกดัง,,,,,,
FLA325510441,ไม่ผ่าน QC,A3.0,Error Code 5,,27/06/2025,,,โกดัง,,,,,,
FLA325C11013,ไม่ผ่าน QC,A3.0,Hifu output is higher. ,,25/12/2025,,,ส่งกลับตปท.,,,,,,
FLA325C11067,ไม่ผ่าน QC,A3.0,Hifu output is higher. ,,02/02/2026,,,,,,,,,
FLA326110001,ไม่ผ่าน QC,A3.0,Hifu output is higher.,,02/02/2026,,,,,,,,,
FLA324810541,DEMO,A3.0,"
",10/01/2025,,,"
",Office,,,,,,
FLA323210008,DEMO,A3.0,"
",10/01/2025,,,"
",Office,,Not not,เบิก DEMO,17/03/2025,,
FLA324B10687,DEMO,A3.0,"
",10/01/2025,,,"
",Office,,Not not,เบิก DEMO,02/04/2025,,
FLA325210107,DEMO,A3.0,,28/02/2025,,,,โกดัง,,Naruch,เบิก DEMO,11/08/2025,,
FLA325510450,DEMO,A3.0,,,27/06/2025,,,โกดัง,,Not not,เบิก DEMO,11/08/2025,,
FLA325710550,DEMO,A3.0,Service สำรองให้A-Listic ใช้ระหว่างรอซ่อม,,09/07/2025,,A-listic Clinic,โกดัง,,,เบิก DEMO,,,
FLA325210105,Support Marketing,A3.0,"
",28/02/2025,,22's. Clinic,"
",โกดัง,,Chananpas,Support Marketing,03/06/2025,,
FLA325C10968,Support KOL,A3.0,,,25/12/2025,Napassaree clinic,,โกดัง,,Chananpas,Support KOL,16/03/2026,,
FLA425410506,Claim,A4.5,,,13/05/2025,The Art Clinic,,,,Pornnapa,เบิกเคลม,,,
FLA425510768,Claim,A4.5,,,27/06/2025,Dr.Narin Plastic Surgery Clinic,,โกดัง,,Saharat,เบิกเคลม,26/12/2025,,
FLA425510771,Claim,A4.5,,,27/06/2025,Rukkhun clinic (สาขา 3 ธัญบุรี),,โกดัง,,,,,,
FLA425510773,Claim,A4.5,,,27/06/2025,Audrey Clinic,,โกดัง,,Pornnapa,เบิกเคลม,29/09/2025,,
FLA425710965,Claim,A4.5,,,09/07/2025,BetterKhun BK Clinic,,โกดัง,,Pornnapa,เบิกเคลม,24/12/2025,,
FLA425B11654,Claim,A4.5,,,25/12/2025,Belove Wellness Clinic,,,,Betsy,เบิกเคลม,04/02/2026,,
FLA425B11656,Claim,A4.5,,,25/12/2025,กิตติศักดิ์ คลินิก,,,,Pornnapa,เบิกเคลม,13/02/2026,,
FLA425510780,พร้อมขาย,A4.5,,,27/06/2025,,,โกดัง,,,,,,
FLA425710966,พร้อมขาย,A4.5,,,09/07/2025,Soluna Clinic,,โกดัง,,Varn,เบิกขาย,04/02/2026,,
FLA425B11651,พร้อมขาย,A4.5,,,25/12/2025,,,โกดัง,,,,,,
FLA425B11652,พร้อมขาย,A4.5,,,25/12/2025,,,โกดัง,,,,,,
FLA425B11657,พร้อมขาย,A4.5,,,25/12/2025,,,Office,,,,,,
FLA425B11658,พร้อมขาย,A4.5,,,25/12/2025,,,Office,,,,,,
FLA426111709,พร้อมขาย,A4.5,,,02/02/2026,,,,,,,,,
FLA426111710,พร้อมขาย,A4.5,,,02/02/2026,,,,,,,,,
FLA426111711,พร้อมขาย,A4.5,,,02/02/2026,,,,,,,,,
FLA426111712,พร้อมขาย,A4.5,,,02/02/2026,,,,,,,,,
FLA426111713,พร้อมขาย,A4.5,,,02/02/2026,,,,,,,,,
FLA424510969,ขายแล้ว,A4.5,"
",10/01/2025,,,Victory M clinic,Office,,Ruangkhaow,เบิกขาย,,,
FLA424C11136,ขายแล้ว,A4.5,"
",10/01/2025,,,Kay Hay Clinic (พระราม 2),โกดัง,,Chananpas,เบิกขาย,,,
FLA424C11137,ขายแล้ว,A4.5,"
",10/01/2025,,,YKJ Medical Clinic,โกดัง,,Varn,เบิกขาย,,,
FLA424C11138,ขายแล้ว,A4.5,"
",10/01/2025,,,รักตะ คลินิก (ในเมือง),โกดัง,,Ruangkhaow,เบิกขาย,,,
FLA424c11218,ขายแล้ว,A4.5,"
",17/01/2025,,,Meruk Clinic,โกดัง,,pangrum,เบิกขาย,,,
FLA424c11219,ขายแล้ว,A4.5,"
",17/01/2025,,,รักตะ คลินิก (ในเมือง),โกดัง,,Ruangkhaow,เบิกขาย,,,
FLA424c11220,ขายแล้ว,A4.5,"
",17/01/2025,,,Thana Clinic (บ้านโป่ง),โกดัง,,pangrum,เบิกขาย,,,
FLA424c11221,ขายแล้ว,A4.5,"
",17/01/2025,,,Amor Clinic,โกดัง,,Varn,เบิกขาย,,,
FLA424c11222,ขายแล้ว,A4.5,"
",17/01/2025,,,Biyo Clinic,โกดัง,,pangrum,เบิกขาย,,,
FLA424C11223,ขายแล้ว,A4.5,"
",17/01/2025,,,KRM Clinic,โกดัง,,Ruangkhaow,เบิกขาย,,,
FLA424C11224,ขายแล้ว,A4.5,"
",17/01/2025,,,Dr.Orawan clinic,โกดัง,,Ruangkhaow,เบิกขาย,,,
FLA424C11225,ขายแล้ว,A4.5,"
",17/01/2025,,The Art Clinic,"
",Office,,Varn,เบิกขาย,10/03/2025,,
FLA424C11226,ขายแล้ว,A4.5,"
",17/01/2025,,,"
",Office,,Not not,เบิก DEMO,17/03/2025,,
FLA424C11227,ขายแล้ว,A4.5,"
",17/01/2025,,Vinfinity clinic,"
",Office,,Optima Aesthetic,เบิกขาย,18/03/2025,,
FLA425110075,ขายแล้ว,A4.5,"
",17/02/2025,,,Kay Hay Clinic (พญาไท),โกดัง,,Chananpas,เบิกขาย,,,
FLA425110076,ขายแล้ว,A4.5,"
",17/02/2025,,Revize clinic,"
",โกดัง,,pangrum,เบิกขาย,13/03/2025,,
FLA425110077,ขายแล้ว,A4.5,"
",17/02/2025,,Revize clinic,"
",โกดัง,,pangrum,เบิกขาย,13/03/2025,,
FLA425110078,ขายแล้ว,A4.5,"
",17/02/2025,,,Mantra Clinic,โกดัง,,Ruangkhaow,เบิกขาย,06/03/2025,,
FLA425110079,ขายแล้ว,A4.5,"
",17/02/2025,,Audrey Clinic,"
",โกดัง,,Ruangkhaow,เบิกขาย,17/03/2025,,
FLA425110080,ขายแล้ว,A4.5,"
",17/02/2025,,Audrey Clinic,"
",โกดัง,,Ruangkhaow,,17/03/2025,,
FLA425110081,ขายแล้ว,A4.5,"
",17/02/2025,,Boyoung clinic,"
",โกดัง,,pangrum,,13/03/2025,,
FLA425110082,ขายแล้ว,A4.5,"
",17/02/2025,,Boyoung clinic,"
",โกดัง,,pangrum,,13/03/2025,,
FLA425110083,ขายแล้ว,A4.5,"
",17/02/2025,,Kritthada clinic,"
",โกดัง,,pangrum,เบิกขาย,25/03/2025,,
FLA425110084,ขายแล้ว,A4.5,"
",17/02/2025,,Clarity Clinic ,"
",โกดัง,,,,01/04/2025,,
FLA425110085,ขายแล้ว,A4.5,"
",17/02/2025,,,Natcha Clinic,โกดัง,,,,,,
FLA425210158,ขายแล้ว,A4.5,"
",28/02/2025,,Soluna Clinic,"
",โกดัง,,,,25/03/2025,,
FLA425210159,ขายแล้ว,A4.5,"
",28/02/2025,,Mio Clinic,"
",โกดัง,,Varn,,,,
FLA425210160,ขายแล้ว,A4.5,"
",28/02/2025,,Mio Clinic,"
",โกดัง,,Varn,,,,
FLA425210161,ขายแล้ว,A4.5,"
",28/02/2025,,Jins Clinic,"
",โกดัง,,Varn,,09/04/2025,,
FLA425210162,ขายแล้ว,A4.5,"
",28/02/2025,,Victory M clinic,"
",โกดัง,,Ruangkhaow,เบิกขาย,29/04/2025,,
FLA425110075,ขายแล้ว,A4.5,,,17/02/2025,Kay Clinic by Dr.Bell (พญาไท-เมืองทองธานี),,,,Chananpas,,26/02/2025,,
FLA425110085,ขายแล้ว,A4.5,,,17/02/2025,Natcha Clinic,,โกดัง,,Ruangkhaow,,08/03/2025,,
FLA425110078,ขายแล้ว,A4.5,,,17/02/2025,Mantra Clinic,,โกดัง,,Ruangkhaow,,06/03/2025,,
FLA424C11223,ขายแล้ว,A4.5,,,17/01/2025,KRM Clinic,,โกดัง,,Ruangkhaow,,07/02/2025,,
FLA424C11222,ขายแล้ว,A4.5,,,17/01/2025,Biyo clinic,,โกดัง,,pangrum,,05/02/2025,,
FLA424C11221,ขายแล้ว,A4.5,,,17/01/2025,Amor Clinic,,โกดัง,,Varn,,05/02/2025,,
FLA424C11220,ขายแล้ว,A4.5,,,17/01/2025,Thana Clinic (บ้านโป่ง),,โกดัง,,pangrum,,04/02/2025,,
FLA424C11136,ขายแล้ว,A4.5,,,10/01/2025,Kay Hay Clinic (พระราม 2),,โกดัง,,Chananpas,,31/01/2025,,
FLA424C11218,ขายแล้ว,A4.5,,,17/01/2025,Meruk Clinic,,โกดัง,,pangrum,,29/01/2025,,
FLA424C11137,ขายแล้ว,A4.5,,,10/01/2025,YKJ Medical Clinic,,โกดัง,,Varn,,22/01/2025,,
FLA424C11135,ขายแล้ว,A4.5,,,23/12/2024,Kay Hay Clinic (กาญจนา),,โกดัง,,Chananpas,,09/01/2025,,
FLA424C11134,ขายแล้ว,A4.5,,,23/12/2024,Kay Hay Clinic (รังสิต),,โกดัง,,Chananpas,,09/01/2025,,
FLA423910242,ขายแล้ว,A4.5,,,25/11/2024,Rukkhun clinic (สาขา 3 ธัญบุรี),,โกดัง,,Varn,,26/12/2024,,
FLA423910232,ขายแล้ว,A4.5,,,25/11/2024,Zelene Clinic,,โกดัง,,pangrum,,23/12/2024,,
FLA424410673,ขายแล้ว,A4.5,,,25/11/2024,Zelene Clinic,,โกดัง,,pangrum,,23/12/2024,,
FLA423910247,ขายแล้ว,A4.5,,,25/11/2024,Glamour Clinic,,โกดัง,,,,07/12/2024,,
FLA424410672,ขายแล้ว,A4.5,,,25/11/2024,Glamour Clinic,,โกดัง,,,,07/12/2024,,
FLA423910246,ขายแล้ว,A4.5,,,25/11/2024,Have a good Clinic,,โกดัง,,Ruangkhaow,,04/12/2024,,
FLA423710146,ขายแล้ว,A4.5,,,25/11/2024,Have a good Clinic,,โกดัง,,Ruangkhaow,,04/12/2024,,
FLA423210063,ขายแล้ว,A4.5,,,25/11/2024,Refind Haus Clinic,,โกดัง,,Ruangkhaow,,03/12/2024,,
FLA423710108,ขายแล้ว,A4.5,,,25/11/2024,Refind Haus Clinic,,โกดัง,,Ruangkhaow,,03/12/2024,,
FLA424410671,ขายแล้ว,A4.5,,,15/11/2024,KVK Clinic (สาขา 3),,โกดัง,,Ruangkhaow,,03/12/2024,,
FLA423710177,ขายแล้ว,A4.5,,,15/11/2024,The Klinique (ไอคอนสยาม-ภูเก็ต),,โกดัง,,Varn,,02/12/2024,,
FLA423710116,ขายแล้ว,A4.5,,,15/11/2024,The Klinique (เมกาบางนา),,โกดัง,,Varn,,22/11/2024,,
FLA423710115,ขายแล้ว,A4.5,,,15/11/2024,The Klinique (ฟิวเจอร์ปาร์ครังสิต),,โกดัง,,Varn,,19/11/2024,,
FLA423710114,ขายแล้ว,A4.5,,,15/11/2024,The Klinique (วันแบงค็อก-เวสต์วิลล์),,โกดัง,,Varn,,18/11/2024,,
FLA424510929,ขายแล้ว,A4.5,,,06/11/2024,The Klinique (เมอคิวรี่ ชิดลม-เชียงใหม่),,โกดัง,,Varn,,11/11/2024,,
FLA424A11008,ขายแล้ว,A4.5,,,06/11/2024,The Klinique (เซ็นทรัลเวิล์ด-พระราม2),,โกดัง,,Varn,,10/11/2024,,
FLA424210232,ขายแล้ว,A4.5,,,21/10/2024,The Klinique (ทองหล่อ-อุดรธานี),,โกดัง,,Varn,,29/10/2024,,
FLA424510991,ขายแล้ว,A4.5,,,21/10/2024,The Klinique (เอ็มโพเรียม-นครศรีธรรมราช),,โกดัง,,Varn,,25/10/2024,,
FLA424510912,ขายแล้ว,A4.5,,,21/10/2024,The Klinique (ปิ่นเกล้า-หาดใหญ่),,โกดัง,,Varn,,23/10/2024,,
FLA424510782,ขายแล้ว,A4.5,,,10/10/2024,The Klinique (พารากอน-อุบลราชธานี),,โกดัง,,Varn,,17/10/2024,,
FLA424510888,ขายแล้ว,A4.5,,,10/10/2024,Tactile Clinic,,โกดัง,,Not not,,16/10/2024,,
FLA424510890,ขายแล้ว,A4.5,,,10/10/2024,The Art Clinic,,โกดัง,,Varn,,07/10/2024,,
FLA424510839,ขายแล้ว,A4.5,,,10/10/2024,The Art Clinic,,โกดัง,,Varn,,10/10/2024,,
FLA425310300,ขายแล้ว,A4.5,,,28/03/2025,Jins Clinic,,โกดัง,,Varn,,09/04/2025,,
FLA425310301,ขายแล้ว,A4.5,,,28/03/2025,Dermist Clinic,,โกดัง,,pangrum,,,,
FLA425310302,ขายแล้ว,A4.5,,,28/03/2025,Warattaya clinic,,โกดัง,,Ruangkhaow,เบิกขาย,07/05/2025,,
FLA425310303,ขายแล้ว,A4.5,,,28/03/2025,Doctor Non Clinic,,โกดัง,,Chananpas,เบิกขาย,08/05/2025,,
FLA425310304,ขายแล้ว,A4.5,,,28/03/2025,Kisssi Clinic สาขาระยอง,,โกดัง,,Chananpas,เบิกขาย,08/05/2025,,
FLA425310305,ขายแล้ว,A4.5,,,28/03/2025,Kay Clinic by Dr.Bell (พญาไท-เมืองทองธานี),,โกดัง,,,,,,
FLA425310306,ขายแล้ว,A4.5,,,28/03/2025,Iskin clinic,,โกดัง,,Ruangkhaow,เบิกขาย,24/04/2025,,
FLA425310307,ขายแล้ว,A4.5,,,28/03/2025,Kay Hay Clinic (รังสิต),,โกดัง,,Chananpas,เบิกขาย,02/05/2025,,
FLA425110084,ขายแล้ว,A4.5,,,17/02/2025,Clarity Clinic ,,Office,,,,01/04/2025,,
FLA424510858,ขายแล้ว,A4.5,,,,กิตติศักดิ์ คลินิก,,,,,,23/09/2024,,
FLA424410591,ขายแล้ว,A4.5,,,,22's. Clinic,,,,,,17/09/2024,,
FLA424510861,ขายแล้ว,A4.5,,,,22's. Clinic,,,,,,17/09/2024,,
FLA424410646,ขายแล้ว,A4.5,,,,REDERMi Clinic,,,,,,30/08/2024,,
FLA424510862,ขายแล้ว,A4.5,,,,REDERMi Clinic,,,,,,30/08/2024,,
FLA424510766,ขายแล้ว,A4.5,,,,Vinfinity clinic,,,,,,16/06/2024,,
FLA424510761,ขายแล้ว,A4.5,,,,Vinfinity clinic,,,,,,16/06/2024,,
FLA425410502,ขายแล้ว,A4.5,,,13/05/2025,,,,,,,,,
FLA425410504,ขายแล้ว,A4.5,,,13/05/2025,,,,,,,,,
FLA425410505,ขายแล้ว,A4.5,,,13/05/2025,Baanluxah Clinic (Doolair Clinic),,,,Ruangkhaow,เบิกขาย,30/05/2025,,
FLA425410507,ขายแล้ว,A4.5,,,13/05/2025,Belove Wellness Clinic,,,,Chananpas,เบิกขาย,13/06/2025,,
FLA425410508,ขายแล้ว,A4.5,,,13/05/2025,Real Ramita Clinic,,,,,,,,
FLA425410509,ขายแล้ว,A4.5,,,13/05/2025,Real Ramita Clinic,,,,,,,,
FLA425410510,ขายแล้ว,A4.5,,,13/05/2025,The Bloom Clinic,,,,,,,,
FLA425410511,ขายแล้ว,A4.5,,,13/05/2025,Kay Hay Clinic (กาญจนา),,Office,,Chananpas,เบิกขาย,29/05/2025,,
FLA425410512,ขายแล้ว,A4.5,,,13/05/2025,Kay Clinic by Dr.Bell (พญาไท-เมืองทองธานี),,,,Chananpas,เบิกขาย,12/06/2025,,
FLA425410513,ขายแล้ว,A4.5,,,13/05/2025,Kay Clinic by Dr.Bell (พญาไท-เมืองทองธานี),,,,Chananpas,เบิกขาย,29/09/2025,,
FLA425410514,ขายแล้ว,A4.5,,,13/05/2025,Kay Hay Clinic (พระราม 2),,,,Chananpas,เบิกขาย,04/09/2025,,
FLA425410515,ขายแล้ว,A4.5,,,13/05/2025,The Art Clinic,,,,Varn,เบิกขาย,27/06/2025,,
FLA425410516,ขายแล้ว,A4.5,,,13/05/2025,Biyo clinic,,,,Chananpas,เบิกขาย,,,
FLA425410517,ขายแล้ว,A4.5,,,13/05/2025,Rukkhun clinic,,,,Varn,เบิกขาย,21/07/2025,,
FLA425510765,ขายแล้ว,A4.5,,,27/06/2025,SRIS Wellnees Clinic,,โกดัง,,,,,,
FLA425510766,ขายแล้ว,A4.5,,,27/06/2025,The Bloom Clinic,,โกดัง,,,,,,
FLA425510767,ขายแล้ว,A4.5,,,27/06/2025,SRIS Wellnees Clinic,,โกดัง,,,,,,
FLA425510769,ขายแล้ว,A4.5,,,27/06/2025,BetterKhun BK Clinic,,โกดัง,,,,,,
FLA425510772,ขายแล้ว,A4.5,,,27/06/2025,Victory M clinic,,โกดัง,,pangrum,เบิกขาย,25/09/2025,,
FLA425510774,ขายแล้ว,A4.5,,,27/06/2025,Mantra Clinic,,โกดัง,,Chananpas,,06/10/2025,,
FLA425510775,ขายแล้ว,A4.5,,,27/06/2025,Kay Hay Clinic (รังสิต),,โกดัง,,Chananpas,เบิกขาย,29/10/2025,,
FLA425510776,ขายแล้ว,A4.5,,,27/06/2025,The Capital Clinic,,โกดัง,,pangrum,เบิกขาย,29/10/2025,,
FLA425510777,ขายแล้ว,A4.5,,,27/06/2025,Lumos Clinic,,โกดัง,,Pornnapa,เบิกขาย,05/12/2025,,
FLA425510779,ขายแล้ว,A4.5,,,27/06/2025,BetterKhun BK Clinic,,โกดัง,,Chananpas,เบิกขาย,12/12/2025,,
FLA425510781,ขายแล้ว,A4.5,,,27/06/2025,Tactile Clinic,,โกดัง,,Chananpas,เบิกขาย,22/12/2025,,
FLA425510782,ขายแล้ว,A4.5,,,27/06/2025,กิตติศักดิ์ คลินิก,,โกดัง,,pangrum,เบิกขาย,24/12/2025,,
FLA425510783,ขายแล้ว,A4.5,,,27/06/2025,Thana Clinic (บ้านโป่ง),,โกดัง,,pangrum,เบิกขาย,09/01/2569,,
FLA425710963,ขายแล้ว,A4.5,,,09/07/2025,รักตะ คลินิก (ในเมือง),,โกดัง,,Chananpas,เบิกขาย,30/01/2026,,
FLA425710964,ขายแล้ว,A4.5,,,09/07/2025,Kritthada clinic,,โกดัง,,Chananpas,เบิกขาย,23/01/2026,,
FLA425710035,ขายแล้ว,A4.5,,,14/08/2025,Prime Clinic ,,โกดัง,,,,,,
FLA425811090,ขายแล้ว,A4.5,,,01/09/2025,Velarose Clinic,,โกดัง,,,,,,
FLA425811091,ขายแล้ว,A4.5,,,01/09/2025,Lumos Clinic,,โกดัง,,,,,,
FLA425811092,ขายแล้ว,A4.5,,,01/09/2025,Rawiporn Clinic (Mor Ice Clinic),,โกดัง,,,,,,
FLA425811093,ขายแล้ว,A4.5,,,01/09/2025,Skin Serve Beauty center เวียงจันทร์,,โกดัง,,,,,,
FLA425811094,ขายแล้ว,A4.5,,,01/09/2025,Dr.Narin Plastic Surgery Clinic,,โกดัง,,,,,,
FLA425A11401,ขายแล้ว,A4.5,,,07/12/2025,Janetiwa house clinic,,,,Varn,เบิกขาย,16/01/2026,,
FLA425911378,ขายแล้ว,A4.5,,,07/12/2025,Victory M clinic,,,,pangrum,เบิกขาย,07/01/2026,,
FLA425B11650,ขายแล้ว,A4.5,,,25/12/2025,Mellow Clinic ,,โกดัง,,,,,,
FLA425B11653,ขายแล้ว,A4.5,,,25/12/2025,Prime Clinic ,,โกดัง,,,,,,
FLA425B11655,ขายแล้ว,A4.5,,,25/12/2025,หมอทราย หมอฟ้า คลินิกปากช่อง,,,,,,,,
FLA425B11667,ขายแล้ว,A4.5,,,25/12/2025,Rawiporn Clinic (Mor Ice Clinic),,Office,,Not not,เบิกขาย,07/03/2026,,
FLA426111714,ขายแล้ว,A4.5,,,02/02/2026,Have a good Clinic,,,,,,,,
FLA426111717,ขายแล้ว,A4.5,,,02/02/2026,Mellow Clinic ,,,,,,,,
FLA426111718,ขายแล้ว,A4.5,,,02/02/2026,Mellow Clinic ,,,,,,,,
FLA425710962,ไม่ผ่าน QC,A4.5,มีปัญหา ยิงแล้วเจ็บ รอเช็ค,,09/07/2025,,,โกดัง,,Not not,เบิกเคลม,25/12/2025,,
FLA424510862,DEMO,A4.5,"
",17/01/2025,,,"
",Office,,,,,,
FLA425710961,DEMO,A4.5,,,09/07/2025,,,โกดัง,,Naruch,เบิก DEMO,06/01/2026,,
FLA425710967,DEMO,A4.5,,,09/07/2025,,,โกดัง,,Not not,เบิก DEMO,,,
FLA426111715,DEMO,A4.5,,,02/02/2026,,,,,,,,,
FLA623710096,Claim,A6.0,"
",17/01/2025,,Biyo clinic,"
",โกดัง,,,,08/07/2025,,
FLA623910174,Claim,A6.0,"
",17/02/2025,,Kay Hay Clinic (รังสิต),,โกดัง,,Pornnapa,เบิกเคลม,21/10/2025,,
FLA623910194,พร้อมขาย,A6.0,"
",28/02/2025,,,"
",โกดัง,,,,,,
FLA623910196,พร้อมขาย,A6.0,"
",28/02/2025,,,"
",โกดัง,,,,,,
FLA623910197,พร้อมขาย,A6.0,"
",28/02/2025,,,"
",โกดัง,,,,,,
FLA623910198,พร้อมขาย,A6.0,"
",28/02/2025,,,"
",โกดัง,,,,,,
FLW625910249,พร้อมขาย,A6.0,,,25/12/2025,,,โกดัง,,,,,,
FLW625C10259,พร้อมขาย,A6.0,,,25/12/2025,,,โกดัง,,,,,,
FLW625C10260,พร้อมขาย,A6.0,,,25/12/2025,,,โกดัง,,,,,,
FLA626100006,พร้อมขาย,A6.0,,,02/02/2026,,,โกดัง,,,,,,
FLA626100007,พร้อมขาย,A6.0,,,02/02/2026,,,โกดัง,,,,,,
FLA626100008,พร้อมขาย,A6.0,,,02/02/2026,,,โกดัง,,,,,,
FLA626100014,พร้อมขาย,A6.0,,,02/02/2026,,,โกดัง,,,,,,
FLA626100015,พร้อมขาย,A6.0,,,02/02/2026,,,โกดัง,,,,,,
FLA626100016,พร้อมขาย,A6.0,,,02/02/2026,,,โกดัง,,,,,,
FLA623710089,ขายแล้ว,A6.0,"
",17/01/2025,,,Meruk Clinic,โกดัง,,,,,,
FLA623710091,ขายแล้ว,A6.0,"
",17/01/2025,,,Amor Clinic,โกดัง,,,,,,
FLA623710092,ขายแล้ว,A6.0,"
",17/01/2025,,,Biyo Clinic,โกดัง,,,,,,
FLA623710095,ขายแล้ว,A6.0,"
",17/01/2025,,,"
",โกดัง,,,,,,
FLA623910172,ขายแล้ว,A6.0,"
",17/02/2025,,,Kay Hay Clinic (พญาไท),โกดัง,,,,,,
FLA623910173,ขายแล้ว,A6.0,"
",17/02/2025,,,Mantra Clinic,โกดัง,,,,,,
FLA623910176,ขายแล้ว,A6.0,"
",17/02/2025,,Revize clinic,"
",โกดัง,,,,13/03/2025,,
FLA623910180,ขายแล้ว,A6.0,"
",17/02/2025,,Boyoung clinic,"
",โกดัง,,,,13/03/2025,,
FLA623910192,ขายแล้ว,A6.0,"
",28/02/2025,,Soluna Clinic,"
",โกดัง,,,,25/03/2025,,
FLA623910193,ขายแล้ว,A6.0,"
",28/02/2025,,Jins Clinic,"
",โกดัง,,Varn,,09/04/2025,,
FLA623910195,ขายแล้ว,A6.0,"
",28/02/2025,,Belove Wellness Clinic,"
",โกดัง,,Sarach Unatrakarn,เบิกขาย,13/06/2025,,
FLA623910172,ขายแล้ว,A6.0,,,17/02/2025,Kay Clinic by Dr.Bell (พญาไท-เมืองทองธานี),,,,,,26/02/2025,,
FLA623910174,ขายแล้ว,A6.0,,,17/02/2025,Natcha Clinic,,โกดัง,,,,08/03/2025,,
FLA623710092,ขายแล้ว,A6.0,,,17/01/2025,Biyo clinic,,โกดัง,,,,05/02/2025,,
FLA623710091,ขายแล้ว,A6.0,,,17/01/2025,Amor Clinic,,โกดัง,,,,05/02/2025,,
FLA623710089,ขายแล้ว,A6.0,,,17/01/2025,Meruk Clinic,,โกดัง,,,,29/01/2025,,
FLA623710084,ขายแล้ว,A6.0,,,23/12/2025,Kay Hay Clinic (กาญจนา),,โกดัง,,Optima Aesthetic,เบิกขาย,09/01/2025,,
FLA623710082,ขายแล้ว,A6.0,,,23/12/2024,Kay Hay Clinic (รังสิต),,โกดัง,,,,09/01/2025,,
FLA623910201,ขายแล้ว,A6.0,,,28/03/2025,Dermist Clinic,,โกดัง,,pangrum,เบิกขาย,05/05/2025,,
FLA623910202,ขายแล้ว,A6.0,,,28/03/2025,Warattaya clinic,,โกดัง,,Ruangkhaow,เบิกขาย,07/05/2025,,
FLA623910204,ขายแล้ว,A6.0,,,28/03/2025,Doctor Non Clinic,,โกดัง,,Chananpas,เบิกขาย,08/05/2025,,
FLA623910205,ขายแล้ว,A6.0,,,28/03/2025,Kisssi Clinic สาขาระยอง,,โกดัง,,Chananpas,เบิกขาย,08/05/2025,,
FLA625110211,ขายแล้ว,A6.0,,,07/04/2025,,,,,,,,,
FLA625710041,ขายแล้ว,A6.0,,,14/08/2025,Skin Serve Beauty center เวียงจันทร์,,โกดัง,,,,,,
FLW625C10261,ขายแล้ว,A6.0,,,25/12/2025,หมอทราย หมอฟ้า คลินิกปากช่อง,,โกดัง,,,,,,
FLA623910203,ไม่ผ่าน QC,A6.0,Disconnected - Pin เอียง,,28/03/2025,,,ส่งกลับตปท.,,,,,,
FLW625A10252,ไม่ผ่าน QC,A6.0,"Max Shot = 12,000",,25/12/2025,,,ส่งกลับตปท.,,,,,,
FLA623910186,DEMO,A6.0,"
",10/01/2025,,,"
",Office,,,,,,
FLA623710087,DEMO,A6.0,"
",10/01/2025,,A-listic clinic,"
",Office,,Not not,,05/05/2025,,
FLA623710093,DEMO,A6.0,"
",17/01/2025,,,"
",โกดัง,,Not not,เบิก DEMO,16/05/2025,,
FLA623710094,DEMO,A6.0,"
",17/01/2025,,,"
",โกดัง,,Not not,เบิก DEMO,12/06/2025,,
SDL124C10689,Claim,L1.5,"
",17/02/2025,,Kay Hay Clinic (พระราม 2),"
",โกดัง,,Betsy,เบิกเคลม,17/11/2025,,
SDL124C10691,Claim,L1.5,"
",17/02/2025,,Iskin clinic,"
",โกดัง,,Pornnapa,เบิกเคลม,25/11/2025,,
SDL125310159,Claim,L1.5,รอคืน,,13/05/2025,The Klinique (เมกาบางนา),,,,Pornnapa,เบิกเคลม,15/09/2025,,
SDL125410270,Claim,L1.5,,,27/06/2025,Reals Aesthetic Center,,โกดัง,,Saharat,เบิกเคลม,07/10/2025,,
SDL125410272,Claim,L1.5,,,27/06/2025,Kay Hay Clinic (รังสิต),,โกดัง,,Saharat,เบิกเคลม,21/10/2025,,
SDL125410273,Claim,L1.5,,,27/06/2025,Kay Hay Clinic (พระราม 2),,โกดัง,,Saharat,เบิกเคลม,15/10/2025,,
SDL125410276,Claim,L1.5,,,27/06/2025,Have a good Clinic,,โกดัง,,Pornnapa,เบิกเคลม,12/01/2026,,
SDL125810454,Claim,L1.5,,,01/09/2025,Refind Haus Clinic,,โกดัง,,Saharat,เบิกเคลม,22/01/2026,,
SDL125810460,Claim,L1.5,,,01/09/2025,The Klinique (เมกาบางนา),,โกดัง,Service เบิกเคลม TKC เมกะบางนา,Saharat,เบิกเคลม,01/10/2025,,
SDL125310161,พร้อมขาย,L1.5,,,13/05/2025,,,,,,,,,
SDL125310162,พร้อมขาย,L1.5,,,13/05/2025,,,,,,,,,
SDL125310163,พร้อมขาย,L1.5,,,13/05/2025,,,,,,,,,
SDL125110036,พร้อมขาย,L1.5,,,28/02/2025,,,Office,,,,,,
SDL125410274,พร้อมขาย,L1.5,,,27/06/2025,,,โกดัง,,,,,,
SDL125410271,พร้อมขาย,L1.5,,,27/06/2025,,,โกดัง,,,,,,
SDL125410275,พร้อมขาย,L1.5,,,27/06/2025,,,โกดัง,,,,,,
SDL125410277,พร้อมขาย,L1.5,,,27/06/2025,,,โกดัง,,,,,,
SDL125810455,พร้อมขาย,L1.5,,,01/09/2025,,,โกดัง,,,,,,
SDL125910550,พร้อมขาย,L1.5,,,07/12/2025,,,,,,,,,
SDL125910556,พร้อมขาย,L1.5,,,07/12/2025,,,,,,,,,
SDL125910592,พร้อมขาย,L1.5,,,07/12/2025,,,,,,,,,
SDL125C10683,พร้อมขาย,L1.5,,,25/12/2025,,,โกดัง,,,,,,
SDL125C10688,พร้อมขาย,L1.5,,,25/12/2025,,,โกดัง,,,,,,
SDL125C10689,พร้อมขาย,L1.5,,,25/12/2025,,,Office,,,,,,
SDL125C10695,พร้อมขาย,L1.5,,,25/12/2025,,,Office,,,,,,
SDL125C10700,พร้อมขาย,L1.5,,,25/12/2025,,,Office,,,,,,
SDL126110019,พร้อมขาย,L1.5,,,02/02/2026,,,โกดัง,,,,,,
SDL126110025,พร้อมขาย,L1.5,,,02/02/2026,,,โกดัง,,,,,,
SDL126110026,พร้อมขาย,L1.5,,,02/02/2026,,,โกดัง,,,,,,
SDL126110032,พร้อมขาย,L1.5,,,02/02/2026,,,โกดัง,,,,,,
SDL126110039,พร้อมขาย,L1.5,,,02/02/2026,,,โกดัง,,,,,,
SDL126110040,พร้อมขาย,L1.5,,,02/02/2026,,,Office,,,,,,
SDL126110041,พร้อมขาย,L1.5,,,02/02/2026,,,Office,,,,,,
SDL126110046,พร้อมขาย,L1.5,,,02/02/2026,,,Office,,,,,,
SDL126110047,พร้อมขาย,L1.5,,,02/02/2026,,,Office,,,,,,
SDL126110048,พร้อมขาย,L1.5,,,02/02/2026,,,Office,,,,,,
SDL123210010,ขายแล้ว,L1.5,"
",10/01/2025,,Victory M clinic,"
",Office,,Ruangkhaow,เบิกขาย,12/03/2025,,
SDL124B10578,ขายแล้ว,L1.5,"
",10/01/2025,,,YKJ Medical Clinic,โกดัง,,,,,,
SDL124B10579,ขายแล้ว,L1.5,"
",10/01/2025,,Clarity Clinic ,"
",Office,,,,01/04/2025,,
SDL124B10577,ขายแล้ว,L1.5,"
",23/12/2024,,,Kay Hay Clinic (พระราม 2),โกดัง,,,,,,
SDL124C10662,ขายแล้ว,L1.5,"
",17/01/2025,,,Meruk Clinic,โกดัง,,,,,,
SDL124C10661,ขายแล้ว,L1.5,"
",17/01/2025,,,Thana Clinic (บ้านโป่ง),โกดัง,,,,,,
SDL124C10658,ขายแล้ว,L1.5,"
",17/01/2025,,,Amor Clinic,โกดัง,,,,,,
SDL124C10656,ขายแล้ว,L1.5,"
",17/01/2025,,,Biyo Clinic,โกดัง,,,,,,
SDL124C10660,ขายแล้ว,L1.5,"
",17/01/2025,,,KRM Clinic,โกดัง,,,,,,
SDL124C10663,ขายแล้ว,L1.5,"
",17/01/2025,,,Dermist clinic,Office,,pangrum,เบิกขาย,,,
SDL124C10659,ขายแล้ว,L1.5,"
",17/01/2025,,,The Art Clinic,Office,,Varn,เบิกขาย,05/05/2025,,
SDL124C10657,ขายแล้ว,L1.5,"
",17/01/2025,,Biyo clinic,"
",Office,,Chananpas,เบิกขาย,,,
SDL124C10682,ขายแล้ว,L1.5,"
",17/02/2025,,,Kay Hay Clinic (พญาไท),โกดัง,,,,,,
SDL124C10683,ขายแล้ว,L1.5,"
",17/02/2025,,,Mantra Clinic,โกดัง,,,,,,
SDL124C10684,ขายแล้ว,L1.5,"
",17/02/2025,,Revize clinic,"
",โกดัง,,,,13/03/2025,,
SDL124C10686,ขายแล้ว,L1.5,"
",17/02/2025,,Audrey Clinic,"
",โกดัง,,,,17/03/2025,,
SDL124C10687,ขายแล้ว,L1.5,"
",17/02/2025,,Boyoung clinic,"
",โกดัง,,,,13/03/2025,,
SDL124C10688,ขายแล้ว,L1.5,"
",17/02/2025,,Victory M clinic,"
",โกดัง,,pangrum,เบิกขาย,11/08/2025,,
SDL125110032,ขายแล้ว,L1.5,"
",28/02/2025,,Soluna Clinic,"
",โกดัง,,,,25/03/2025,,
SDL125110033,ขายแล้ว,L1.5,"
",28/02/2025,,Mio Clinic,"
",โกดัง,,,,,,
SDL125110034,ขายแล้ว,L1.5,"
",28/02/2025,,Mio Clinic,"
",โกดัง,,,,,,
SDL125110035,ขายแล้ว,L1.5,"
",28/02/2025,,Jins Clinic,"
",โกดัง,,Varn,,09/04/2025,,
SDL125110036,ขายแล้ว,L1.5,"
",28/02/2025,,,"
",โกดัง,,,,,,
SDL124C10682,ขายแล้ว,L1.5,,,17/02/2025,Kay Clinic by Dr.Bell (พญาไท-เมืองทองธานี),,,,,,26/02/2025,,
SDL124C10683,ขายแล้ว,L1.5,,,17/02/2025,Mantra Clinic,,โกดัง,,,,06/03/2025,,
SDL124C10660,ขายแล้ว,L1.5,,,17/01/2025,KRM Clinic,,โกดัง,,,,07/02/2025,,
SDL124C10656,ขายแล้ว,L1.5,,,17/01/2025,Biyo clinic,,โกดัง,,,,05/02/2025,,
SDL124C10658,ขายแล้ว,L1.5,,,17/01/2025,Amor Clinic,,โกดัง,,,,05/02/2025,,
SDL124C10661,ขายแล้ว,L1.5,,,17/01/2025,Thana Clinic (บ้านโป่ง),,โกดัง,,,,04/02/2025,,
SDL124B10577,ขายแล้ว,L1.5,,,23/12/2024,Kay Hay Clinic (พระราม 2),,โกดัง,,,,31/01/2025,,
SDL124C10662,ขายแล้ว,L1.5,,,17/01/2025,Meruk Clinic,,โกดัง,,,,29/01/2025,,
SDL124B10578,ขายแล้ว,L1.5,,,10/01/2025,YKJ Medical Clinic,,โกดัง,,,,22/01/2025,,
SDL124B10576,ขายแล้ว,L1.5,,,23/12/2024,Kay Hay Clinic (กาญจนา),,โกดัง,,,,09/01/2025,,
SDL124B10575,ขายแล้ว,L1.5,,,23/12/2024,Kay Hay Clinic (รังสิต),,โกดัง,,,,09/01/2025,,
SDL124310406,ขายแล้ว,L1.5,,,25/11/2024,Rukkhun clinic (สาขา 3 ธัญบุรี),,โกดัง,,,,26/12/2024,,
SDL123210007,ขายแล้ว,L1.5,,,25/11/2024,Zelene Clinic,,โกดัง,,,,23/12/2024,,
SDL124A10514,ขายแล้ว,L1.5,,,15/11/2024,Glamour Clinic,,โกดัง,,,,07/12/2024,,
SDL124A10513,ขายแล้ว,L1.5,,,15/11/2024,Have a good Clinic,,โกดัง,,,,04/12/2024,,
SDL124A10512,ขายแล้ว,L1.5,,,15/11/2024,Refind Haus Clinic,,โกดัง,,,,03/12/2024,,
SDL124A10511,ขายแล้ว,L1.5,,,15/11/2024,KVK Clinic (สาขา 3),,โกดัง,,,,03/12/2024,,
SDL124A10508,ขายแล้ว,L1.5,,,15/11/2024,The Klinique (ไอคอนสยาม-ภูเก็ต),,โกดัง,,,,02/12/2024,,
SDL124A10507,ขายแล้ว,L1.5,,,15/11/2024,The Klinique (เมกาบางนา),,โกดัง,,,,22/11/2024,,
SDL124A10497,ขายแล้ว,L1.5,,,15/11/2024,The Klinique (ฟิวเจอร์ปาร์ครังสิต),,โกดัง,,,,19/11/2024,,
SDL124A10496,ขายแล้ว,L1.5,,,15/11/2024,The Klinique (วันแบงค็อก-เวสต์วิลล์),,โกดัง,,,,18/11/2024,,
SDL124810467,ขายแล้ว,L1.5,,,06/11/2024,The Klinique (เมอคิวรี่ ชิดลม-เชียงใหม่),,โกดัง,,,,11/11/2024,,
SDL124810466,ขายแล้ว,L1.5,,,06/11/2024,The Klinique (เซ็นทรัลเวิล์ด-พระราม2),,โกดัง,,,,10/11/2024,,
SDL124810461,ขายแล้ว,L1.5,,,21/10/2024,The Klinique (ทองหล่อ-อุดรธานี),,โกดัง,,,,29/10/2024,,
SDL124810460,ขายแล้ว,L1.5,,,21/10/2024,The Klinique (ปิ่นเกล้า-หาดใหญ่),,โกดัง,,,,23/10/2024,,
SDL124810449,ขายแล้ว,L1.5,,,10/10/2024,รักตะ คลินิก (บ้านโป่ง),,โกดัง,,,,19/10/2024,,
SDL124810450,ขายแล้ว,L1.5,,,10/10/2024,รักตะ คลินิก (ในเมือง),,โกดัง,,,,19/10/2024,,
SDL124810448,ขายแล้ว,L1.5,,,10/10/2024,The Klinique (พารากอน-อุบลราชธานี),,โกดัง,,,,17/10/2024,,
SDL124810446,ขายแล้ว,L1.5,,,10/10/2024,Tactile Clinic,,โกดัง,,,,16/10/2024,,
SDL124810447,ขายแล้ว,L1.5,,,10/10/2024,The Art Clinic,,โกดัง,,,,07/10/2024,,
SDL125210078,ขายแล้ว,L1.5,,,28/03/2025,,,โกดัง,,,,,,
SDL125210079,ขายแล้ว,L1.5,,,28/03/2025,Warattaya clinic,,โกดัง,,Ruangkhaow,เบิกขาย,07/05/2025,,
SDL125210080,ขายแล้ว,L1.5,,,28/03/2025,Doctor Non Clinic,,โกดัง,,Chananpas,เบิกขาย,08/05/2025,,
SDL125210081,ขายแล้ว,L1.5,,,28/03/2025,Kisssi Clinic สาขาระยอง,,โกดัง,,Chananpas,เบิกขาย,08/05/2025,,
SDL125210082,ขายแล้ว,L1.5,,,28/03/2025,,,โกดัง,,,,,,
SDL124B10579,ขายแล้ว,L1.5,,,10/01/2025,Clarity Clinic ,,Office,,,,01/04/2025,,
SDL124810434,ขายแล้ว,L1.5,,,,กิตติศักดิ์ คลินิก,,,,,,23/09/2024,,
SDL123610095,ขายแล้ว,L1.5,,,,22's. Clinic,,,,,,17/09/2024,,
SDL124810423,ขายแล้ว,L1.5,,,,REDERMi Clinic,,,,,,30/08/2024,,
SDL124210312,ขายแล้ว,L1.5,,,,Vinfinity clinic,,,,,,16/06/2024,,
SDL125310154,ขายแล้ว,L1.5,,,13/05/2025,Baanluxah Clinic (Doolair Clinic),,,,Ruangkhaow,เบิกขาย,30/05/2025,,
SDL125310155,ขายแล้ว,L1.5,,,13/05/2025,Baanluxah Clinic (Doolair Clinic),,,,Ruangkhaow,เบิกขาย,30/05/2025,,
SDL125310156,ขายแล้ว,L1.5,,,13/05/2025,Belove Wellness Clinic,,,,Chananpas,เบิกขาย,13/06/2025,,
SDL125310157,ขายแล้ว,L1.5,,,13/05/2025,Real Ramita Clinic,,Office,,,,,,
SDL125310158,ขายแล้ว,L1.5,,,13/05/2025,The Bloom Clinic,,Office,,,,,,
SDL125410269,ขายแล้ว,L1.5,,,27/06/2025,SRIS Wellnees Clinic,,โกดัง,,,,,,
SDL125410278,ขายแล้ว,L1.5,,,27/06/2025,22's. Clinic,,โกดัง,,Chananpas,เบิกขาย,24/10/2025,,
SDL125410279,ขายแล้ว,L1.5,,,27/06/2025,Amor Clinic,,โกดัง,,Varn,เบิกขาย,17/02/2026,,
SDL125610357,ขายแล้ว,L1.5,,,09/07/2025,หมอทราย หมอฟ้า คลินิกปากช่อง,,โกดัง,,,,,,
SDL125710438,ขายแล้ว,L1.5,,,14/08/2025,Skin Serve Beauty center เวียงจันทร์,,โกดัง,,,,,,
SDL125810451,ขายแล้ว,L1.5,,,01/09/2025,Velarose Clinic,,โกดัง,,,,,,
SDL125810452,ขายแล้ว,L1.5,,,01/09/2025,Lumos Clinic,,โกดัง,,,,,,
SDL125810453,ขายแล้ว,L1.5,,,01/09/2025,Rawiporn Clinic (Mor Ice Clinic),,โกดัง,,,,,,
SDL125B10669,ขายแล้ว,L1.5,,,07/12/2025,Mellow Clinic ,,,,,,,,
SDL125C10682,ขายแล้ว,L1.5,,,25/12/2025,Mellow Clinic ,,โกดัง,,,,,,
SDL125C10694,ขายแล้ว,L1.5,,,25/12/2025,Prime Clinic ,,Office,,,,,,
SDL125910548,ไม่ผ่าน QC,L1.5,RF ไม่ร้อน เคลมตปท.เรียบร้อยแล้ว,,07/12/2025,,,โกดัง,,,,,,
SDL123210038,DEMO,L1.5,"
",10/01/2025,,,"
",Office,,,,,,
SDL124C10685,DEMO,L1.5,เก็บไว้สำหรับเด็ม ลูกค้าขอเปลี่ยนDep และเขียนหน้ากล่องไว้ไม่สามารถขายได้,17/02/2025,,,"
",โกดัง,,,เบิก DEMO,12/01/2026,,
SDL124C10690,Support Marketing,L1.5,"
",17/02/2025,,The Klinique (เมกาบางนา),"
",โกดัง,,Pornnapa,เบิกเคลม,29/09/2025,,
SDL125310160,Support KOL,L1.5,,,13/05/2025,Skin Dream Clinic,,,,phatcharanat,Support KOL,29/01/2026,,
SDL325310060,Claim,L3.0,,,28/03/2025,Iskin clinic,,โกดัง,,Pornnapa,เบิกเคลม,25/11/2025,,
SDL325310061,Claim,L3.0,,,28/03/2025,Mio Clinic,,โกดัง,,Pornnapa,เบิกเคลม,03/12/2025,,
SDL325310062,Claim,L3.0,,,28/03/2025,Have a good Clinic,,โกดัง,,Pornnapa,เบิกเคลม,12/01/2026,,
SDL325410177,Claim,L3.0,,,13/05/2025,The Capital Clinic,,,,Betsy,เบิกเคลม,11/08/2025,,
SDL325510303,Claim,L3.0,,,27/06/2025,Kay Hay Clinic (พระราม 2),,โกดัง,,Saharat,เบิกเคลม,15/10/2025,,
SDL325510304,Claim,L3.0,,,27/06/2025,Reals Aesthetic Center,,โกดัง,,Saharat,เบิกเคลม,07/10/2025,,
SDL325610362,Claim,L3.0,,,09/07/2025,Warattaya clinic,,โกดัง,,Pornnapa,เบิกเคลม,11/12/2025,,
SDL325810355,Claim,L3.0,,,01/09/2025,Refind Haus Clinic,,โกดัง,,Saharat,เบิกเคลม,22/01/2026,,
SDL325A10521,Claim,L3.0,,,07/12/2025,Tactile Clinic,,,,Pornnapa,เบิกเคลม,16/12/2025,,
SDL325B10579,Claim,L3.0,,,07/12/2025,Tactile Clinic,,,,Betsy,เบิกเคลม,16/12/2025,,
SDL325C10627 ,Claim,L3.0,,,25/12/2025,REDERMi Clinic,,,,Pornnapa,เบิกเคลม,09/02/2026,,
SDL325510302,พร้อมขาย,L3.0,,,27/06/2025,,,โกดัง,,,,,,
SDL325510308,พร้อมขาย,L3.0,,,27/06/2025,,,โกดัง,,,,,,
SDL325510310,พร้อมขาย,L3.0,,,27/06/2025,,,โกดัง,,,,,,
SDL325810419,พร้อมขาย,L3.0,,,01/09/2025,,,โกดัง,,,,,,
SDL325A10520,พร้อมขาย,L3.0,,,07/12/2025,,,,,,,,,
SDL325C10613,พร้อมขาย,L3.0,,,25/12/2025,,,โกดัง,,,,,,
SDL325C10614,พร้อมขาย,L3.0,,,25/12/2025,,,โกดัง,,,,,,
SDL325C10620,พร้อมขาย,L3.0,,,25/12/2025,,,Office,,,,,,
SDL325C10625,พร้อมขาย,L3.0,,,25/12/2025,,,Office,,,,,,
SDL325C10626,พร้อมขาย,L3.0,,,25/12/2025,,,Office,,,,,,
SDL325C10617,พร้อมขาย,L3.0,,,02/02/2026,,,Office,,,,,,
SDL325C10623,พร้อมขาย,L3.0,,,02/02/2026,,,Office,,,,,,
SDL326110001,พร้อมขาย,L3.0,,,02/02/2026,,,โกดัง,,,,,,
SDL326110002,พร้อมขาย,L3.0,,,02/02/2026,,,โกดัง,,,,,,
SDL326110003,พร้อมขาย,L3.0,,,02/02/2026,,,โกดัง,,,,,,
SDL326110004,พร้อมขาย,L3.0,,,02/02/2026,,,โกดัง,,,,,,
SDL326110005,พร้อมขาย,L3.0,,,02/02/2026,,,โกดัง,,,,,,
SDL326110006,พร้อมขาย,L3.0,,,02/02/2026,,,Office,,,,,,
SDL324710407,ขายแล้ว,L3.0,"
",10/01/2025,,,Victory M clinic,Office,,,,,,
SDL324A10419,ขายแล้ว,L3.0,"
",10/01/2025,,,Janetiwa house clinic,Office,,,,,,
SDL324A10422,ขายแล้ว,L3.0,"
",10/01/2025,,,Dr.Orawan clinic,Office,,,,,,
SDL324A10421,ขายแล้ว,L3.0,"
",10/01/2025,,The Art Clinic,1,Office,,Varn,เบิกขาย,06/03/2025,,
SDL324C10452,ขายแล้ว,L3.0,"
",10/01/2025,,,YKJ Medical Clinic,โกดัง,,,,,,
SDL324C10453,ขายแล้ว,L3.0,"
",10/01/2025,,The Art Clinic,1,Office,,,เบิกขาย,13/03/2025,,
SDL324C10451,ขายแล้ว,L3.0,"
",23/12/2024,,,Kay Hay Clinic (พระราม 2),Office,,,,,,
SDL324C10535,ขายแล้ว,L3.0,"
",17/01/2025,,,Meruk Clinic,โกดัง,,,,,,
SDL324C10533,ขายแล้ว,L3.0,"
",17/01/2025,,,Thana Clinic (บ้านโป่ง),โกดัง,,,,,,
SDL324C10536,ขายแล้ว,L3.0,"
",17/01/2025,,,Amor Clinic,โกดัง,,,,,,
SDL324C10537,ขายแล้ว,L3.0,"
",17/01/2025,,,Biyo Clinic,โกดัง,,,,,,
SDL324C10534,ขายแล้ว,L3.0,"
",17/01/2025,,,KRM Clinic,โกดัง,,,,,,
SDL324C10487,ขายแล้ว,L3.0,"
",17/02/2025,,,Kay Hay Clinic (พญาไท),โกดัง,,,,,,
SDL324C10488,ขายแล้ว,L3.0,"
",17/02/2025,,,Mantra Clinic,โกดัง,,,,,,
SDL324C10489,ขายแล้ว,L3.0,"
",17/02/2025,,Revize clinic,"
",โกดัง,,,,13/03/2025,,
SDL324C10490,ขายแล้ว,L3.0,"
",17/02/2025,,Audrey Clinic,"
",โกดัง,,,,17/03/2025,,
SDL324C10491,ขายแล้ว,L3.0,"
",17/02/2025,,Boyoung clinic,"
",โกดัง,,,,13/03/2025,,
SDL324C10492,ขายแล้ว,L3.0,"
",17/02/2025,,Clarity Clinic ,"
",โกดัง,,,,01/04/2025,,
SDL324C10493,ขายแล้ว,L3.0,"
",17/02/2025,,Victory M clinic,"
",โกดัง,,Ruangkhaow,เบิกขาย,02/04/2025,,
SDL324C10494,ขายแล้ว,L3.0,"
",17/02/2025,,The Art Clinic,"
",โกดัง,,Varn,เบิกขาย,17/04/2025,,
SDL325210001,ขายแล้ว,L3.0,"
",28/02/2025,,Soluna Clinic,,โกดัง,,,,25/03/2025,,
SDL325210002,ขายแล้ว,L3.0,"
",28/02/2025,,Mio Clinic,"
",โกดัง,,,,,,
SDL325210003,ขายแล้ว,L3.0,"
",28/02/2025,,Jins Clinic,"
",โกดัง,,Varn,,09/04/2025,,
SDL325210004,ขายแล้ว,L3.0,"
",28/02/2025,,Victory M clinic,"
",โกดัง,,Ruangkhaow,เบิกขาย,04/06/2025,,
SDL325210005,ขายแล้ว,L3.0,"
",28/02/2025,,Dr.Orawan clinic,"
",โกดัง,,pangrum,เบิกขาย,13/08/2025,,
SDL325210007,ขายแล้ว,L3.0,"
",28/02/2025,,Biyo clinic,"
",โกดัง,,Chananpas,เบิกขาย,,,
SDL324C10487,ขายแล้ว,L3.0,,,17/02/2025,Kay Clinic by Dr.Bell (พญาไท-เมืองทองธานี),,,,,,26/02/2025,,
SDL324C10488,ขายแล้ว,L3.0,,,17/02/2025,Mantra Clinic,,โกดัง,,,,06/03/2025,,
SDL324C10534,ขายแล้ว,L3.0,,,17/01/2025,KRM Clinic,,โกดัง,,,,07/02/2025,,
SDL324C10537,ขายแล้ว,L3.0,,,17/01/2025,Biyo clinic,,โกดัง,,,,05/02/2025,,
SDL324C10536,ขายแล้ว,L3.0,,,17/01/2025,Amor Clinic,,โกดัง,,,,05/02/2025,,
SDL324C10533,ขายแล้ว,L3.0,,,17/01/2025,Thana Clinic (บ้านโป่ง),,โกดัง,,,,04/02/2025,,
SDL324C10451,ขายแล้ว,L3.0,,,23/12/2024,Kay Hay Clinic (พระราม 2),,Office,,,,31/01/2025,,
SDL324C10535,ขายแล้ว,L3.0,,,17/01/2025,Meruk Clinic,,โกดัง,,,,29/01/2025,,
SDL324C10452,ขายแล้ว,L3.0,,,10/01/2025,YKJ Medical Clinic,,โกดัง,,,,22/01/2025,,
SDL324C10450,ขายแล้ว,L3.0,,,23/12/2024,Kay Hay Clinic (กาญจนา),,โกดัง,,,,09/01/2025,,
SDL324C10449,ขายแล้ว,L3.0,,,23/12/2024,Kay Hay Clinic (รังสิต),,โกดัง,,,,09/01/2025,,
SDL324A10420,ขายแล้ว,L3.0,,,25/11/2024,Rukkhun clinic (สาขา 3 ธัญบุรี),,โกดัง,,,,26/12/2024,,
SDL324A10425,ขายแล้ว,L3.0,,,25/11/2024,Zelene Clinic,,โกดัง,,,,23/12/2024,,
SDL324710406,ขายแล้ว,L3.0,,,15/11/2024,Glamour Clinic,,โกดัง,,,,07/12/2024,,
SDL324210030,ขายแล้ว,L3.0,,,15/11/2024,Have a good Clinic,,โกดัง,,,,04/12/2024,,
SDL323910191,ขายแล้ว,L3.0,,,15/11/2024,Refind Haus Clinic,,โกดัง,,,,03/12/2024,,
SDL323710132,ขายแล้ว,L3.0,,,15/11/2024,KVK Clinic (สาขา 3),,โกดัง,,,,03/12/2024,,
SDL323210046,ขายแล้ว,L3.0,,,15/11/2024,The Klinique (ไอคอนสยาม-ภูเก็ต),,โกดัง,,,,02/12/2024,,
SDL323210013,ขายแล้ว,L3.0,,,15/11/2024,The Klinique (เมกาบางนา),,โกดัง,,,,22/11/2024,,
SDL323210010,ขายแล้ว,L3.0,,,15/11/2024,The Klinique (ฟิวเจอร์ปาร์ครังสิต),,โกดัง,,,,19/11/2024,,
SDL323210004,ขายแล้ว,L3.0,,,15/11/2024,The Klinique (วันแบงค็อก-เวสต์วิลล์),,โกดัง,,,,18/11/2024,,
SDL324510346,ขายแล้ว,L3.0,,,06/11/2024,The Klinique (เมอคิวรี่ ชิดลม-เชียงใหม่),,โกดัง,,,,11/11/2024,,
SDL324510345,ขายแล้ว,L3.0,,,06/11/2024,The Klinique (เซ็นทรัลเวิล์ด-พระราม2),,โกดัง,,,,10/11/2024,,
SDL324510325,ขายแล้ว,L3.0,,,21/10/2024,The Klinique (ทองหล่อ-อุดรธานี),,โกดัง,,,,29/10/2024,,
SDL324410180,ขายแล้ว,L3.0,,,21/10/2024,The Klinique (เอ็มโพเรียม-นครศรีธรรมราช),,โกดัง,,,,25/10/2024,,
SDL324410181,ขายแล้ว,L3.0,,,21/10/2024,The Klinique (ปิ่นเกล้า-หาดใหญ่),,โกดัง,,,,23/10/2024,,
SDL324510376,ขายแล้ว,L3.0,,,10/10/2024,รักตะ คลินิก (บ้านโป่ง),,โกดัง,,,,19/10/2024,,
SDL324510378,ขายแล้ว,L3.0,,,10/10/2024,รักตะ คลินิก (ในเมือง),,โกดัง,,,,19/10/2024,,
SDL324510375,ขายแล้ว,L3.0,,,10/10/2024,The Klinique (พารากอน-อุบลราชธานี),,โกดัง,,,,17/10/2024,,
SDL324510374,ขายแล้ว,L3.0,,,10/10/2024,,,โกดัง,,,,16/10/2024,,
SDL324510377,ขายแล้ว,L3.0,,,10/10/2024,The Art Clinic,,โกดัง,,,,07/10/2024,,
SDL323610069,ขายแล้ว,L3.0,,,15/11/2024,อ้อมกอด คลินิก,,,,,,18/11/2024,,
SDL325210046,ขายแล้ว,L3.0,,,28/03/2025,Dermist Clinic,,โกดัง,,pangrum,เบิกขาย,05/05/2025,,
SDL325210047,ขายแล้ว,L3.0,,,28/03/2025,Warattaya clinic,,โกดัง,,Ruangkhaow,เบิกขาย,07/05/2025,,
SDL325210048,ขายแล้ว,L3.0,,,28/03/2025,Doctor Non Clinic,,โกดัง,,Chananpas,เบิกขาย,08/05/2025,,
SDL325210049,ขายแล้ว,L3.0,,,28/03/2025,Kisssi Clinic สาขาระยอง,,โกดัง,,Chananpas,เบิกขาย,08/05/2025,,
SDL325210050,ขายแล้ว,L3.0,,,28/03/2025,,,โกดัง,,,,,,
SDL324C10492,ขายแล้ว,L3.0,,,17/02/2025,Clarity Clinic ,,Office,,,,01/04/2025,,
SDL324510368,ขายแล้ว,L3.0,,,,กิตติศักดิ์ คลินิก,,,,,,23/09/2024,,
SDL324510339,ขายแล้ว,L3.0,,,,22's. Clinic,,,,,,17/09/2024,,
SDL324510351,ขายแล้ว,L3.0,,,,REDERMi Clinic,,,,,,30/08/2024,,
SDL324510322,ขายแล้ว,L3.0,,,,Vinfinity clinic,,,,,,16/06/2024,,
SDL325410170,ขายแล้ว,L3.0,,,13/05/2025,,,,,,,,,
SDL325410171,ขายแล้ว,L3.0,,,13/05/2025,,,,,,,,,
SDL325410172,ขายแล้ว,L3.0,,,13/05/2025,Real Ramita Clinic,,,,,,,,
SDL325410173,ขายแล้ว,L3.0,,,13/05/2025,Real Ramita Clinic,,,,,,,,
SDL325410174,ขายแล้ว,L3.0,,,13/05/2025,The Bloom Clinic,,,,,,,,
SDL325410175,ขายแล้ว,L3.0,,,13/05/2025,The Bloom Clinic,,,,,,,,
SDL325410178,ขายแล้ว,L3.0,,,13/05/2025,Victory M clinic,,Office,,pangrum,เบิกขาย,22/08/2025,,
SDL325410179,ขายแล้ว,L3.0,,,13/05/2025,The Connection clinic,,,,phatcharanat,เบิกขาย,09/10/2025,,
SDL325510300,ขายแล้ว,L3.0,,,27/06/2025,SRIS Wellnees Clinic,,โกดัง,,,,,,
SDL325510301,ขายแล้ว,L3.0,,,27/06/2025,BetterKhun BK Clinic,,โกดัง,,,,,,
SDL325510305,ขายแล้ว,L3.0,,,27/06/2025,Kritthada clinic,,โกดัง,,pangrum,เบิกขาย,04/08/2025,,
SDL325510306,ขายแล้ว,L3.0,,,27/06/2025,Victory M clinic,,โกดัง,,pangrum,เบิกขาย,03/11/2025,,
SDL325510307,ขายแล้ว,L3.0,,,27/06/2025,รักตะ คลินิก (ในเมือง),,โกดัง,,Chananpas,เบิกขาย,30/01/2026,,
SDL325510311,ขายแล้ว,L3.0,,,27/06/2025,Victory M clinic,,โกดัง,,phatcharanat,เบิกขาย,16/01/2026,,
SDL325610386,ขายแล้ว,L3.0,,,14/08/2025,Skin Serve Beauty center เวียงจันทร์,,โกดัง,แยกเก็บที่โกดัง,,,,,
SDL325810351,ขายแล้ว,L3.0,,,01/09/2025,Velarose Clinic,,โกดัง,,,,,,
SDL325810352,ขายแล้ว,L3.0,,,01/09/2025,Lumos Clinic,,โกดัง,แยกติดเครื่อง 267 Neo,,,,,
SDL325810354,ขายแล้ว,L3.0,,,01/09/2025,Rawiporn Clinic (Mor Ice Clinic),,โกดัง,แยกติดเครื่อง 277 Neo,,,,,
SDL325810356,ขายแล้ว,L3.0,,,01/09/2025,Dr.Narin Plastic Surgery Clinic,,โกดัง,แยกติดเครื่อง 297 Neo,,,,,
SDL325810357,ขายแล้ว,L3.0,,,01/09/2025,Victory M clinic,,โกดัง,,pangrum,เบิกขาย,07/01/2026,,
SDL325C10608,ขายแล้ว,L3.0,,,25/12/2025,Mellow Clinic ,,โกดัง,,,,,,
SDL325C10615,ขายแล้ว,L3.0,,,25/12/2025,Prime Clinic ,,โกดัง,,,,,,
SDL325C10619,ขายแล้ว,L3.0,,,25/12/2025,หมอทราย หมอฟ้า คลินิกปากช่อง,,,,,,,,
SDL325C10621,ขายแล้ว,L3.0,,,25/12/2025,Rawiporn Clinic (Mor Ice Clinic),,Office,,Not not,เบิกขาย,07/03/2026,,
SDL325C10611,ขายแล้ว,L3.0,,,02/02/2026,Mellow Clinic ,,Office,,,,,,
SDL324A10424,DEMO,L3.0,"
",10/01/2025,,,"
",Office,,,,,,
SDL324A10426,DEMO,L3.0,"
",10/01/2025,,,"
",Office,,,,,,
SDL325210008,DEMO,L3.0,"
",28/02/2025,,,"
",โกดัง,,,,,,
SDL325410176,DEMO,L3.0,,,13/05/2025,,,,,phatcharanat,เบิก DEMO,08/09/2025,,
SDL325510309,DEMO,L3.0,,,27/06/2025,,,Office,,Chananpas,เบิก DEMO,19/08/2025,,
SDL325810358,DEMO,L3.0,,,01/09/2025,,,โกดัง,,Not not,เบิก DEMO,27/01/2026,,
SDL425310084,Claim,L4.5,,,13/05/2025,Mantra Clinic,,Office,,Chananpas,เบิกเคลม,24/10/2025,,
SDL424C10668,พร้อมขาย,L4.5,"
",17/01/2025,,,"
",Office,,,,,,
SDL424C10749,พร้อมขาย,L4.5,"
",28/02/2025,,,"
",โกดัง,,,,,,
SDL424C10751,พร้อมขาย,L4.5,"
",28/02/2025,,,"
",โกดัง,,,,,,
SDL425210031,พร้อมขาย,L4.5,,,28/03/2025,,,โกดัง,,,,,,
SDL425210032,พร้อมขาย,L4.5,,,28/03/2025,,,โกดัง,,,,,,
SDL425310082,พร้อมขาย,L4.5,,,13/05/2025,,,,,,,,,
SDL425310083,พร้อมขาย,L4.5,,,13/05/2025,,,,,,,,,
SDL425510248,พร้อมขาย,L4.5,,,27/06/2025,,,,,,,,,
SDL425710346,พร้อมขาย,L4.5,,,14/08/2025,,,โกดัง,แยกเก็บที่โกดัง,,,,,
SDL425810373,พร้อมขาย,L4.5,,,01/09/2025,,,โกดัง,แยกติดเครื่อง 267 Neo,,,,,
SDL425810374,พร้อมขาย,L4.5,,,01/09/2025,,,โกดัง,แยกติดเครื่อง 277 Neo,,,,,
SDL425810375,พร้อมขาย,L4.5,,,01/09/2025,,,โกดัง,แยกติดเครื่อง 287 Neo,,,,,
SDL425810378,พร้อมขาย,L4.5,,,01/09/2025,,,โกดัง,,,,,,
SDL425810379,พร้อมขาย,L4.5,,,01/09/2025,,,โกดัง,,,,,,
SDL425B10581,พร้อมขาย,L4.5,,,25/12/2025,,,โกดัง,,,,,,
SDL425B10582,พร้อมขาย,L4.5,,,25/12/2025,,,โกดัง,,,,,,
SDL425B10583,พร้อมขาย,L4.5,,,25/12/2025,,,โกดัง,,,,,,
SDL425B10587,พร้อมขาย,L4.5,,,25/12/2025,,,โกดัง,,,,,,
SDL425B10589,พร้อมขาย,L4.5,,,25/12/2025,,,Office,,,,,,
SDL425C10642,พร้อมขาย,L4.5,,,02/02/2026,,,โกดัง,,,,,,
SDL425C10643,พร้อมขาย,L4.5,,,02/02/2026,,,โกดัง,,,,,,
SDL425C10648,พร้อมขาย,L4.5,,,02/02/2026,,,โกดัง,,,,,,
SDL425C10649,พร้อมขาย,L4.5,,,02/02/2026,,,โกดัง,,,,,,
SDL425C10654,พร้อมขาย,L4.5,,,02/02/2026,,,โกดัง,,,,,,
SDL425C10655,พร้อมขาย,L4.5,,,02/02/2026,,,Office,,,,,,
SDL425C10660,พร้อมขาย,L4.5,,,02/02/2026,,,Office,,,,,,
SDL425C10661,พร้อมขาย,L4.5,,,02/02/2026,,,Office,,,,,,
SDL424A10638,ขายแล้ว,L4.5,"
",23/12/2024,,,Kay Hay Clinic (พระราม 2),Office,,,,,,
SDL424C10664,ขายแล้ว,L4.5,"
",17/01/2025,,,Meruk Clinic,โกดัง,,,,,,
SDL424C10665,ขายแล้ว,L4.5,"
",17/01/2025,,,Thana Clinic (บ้านโป่ง),โกดัง,,,,,,
SDL424C10663,ขายแล้ว,L4.5,"
",17/01/2025,,,Amor Clinic,โกดัง,,,,,,
SDL424C10662,ขายแล้ว,L4.5,"
",17/01/2025,,,Biyo Clinic,โกดัง,,,,,,
SDL424C10661,ขายแล้ว,L4.5,"
",17/01/2025,,Reals Aesthetic Center,"
",Office,,pangrum,เบิกขาย,03/07/2025,,
SDL424C10666,ขายแล้ว,L4.5,"
",17/01/2025,,Biyo clinic,"
",Office,,pangrum,เบิกขาย,30/05/2025,,
SDL424C10667,ขายแล้ว,L4.5,"
",17/01/2025,,Dr.Narin Plastic Surgery Clinic,"
",Office,,,,,,
SDL424C10739,ขายแล้ว,L4.5,"
",17/02/2025,,,Kay Hay Clinic (พญาไท),โกดัง,,,,,,
SDL424C10740,ขายแล้ว,L4.5,"
",17/02/2025,,,Mantra Clinic,โกดัง,,,,,,
SDL424C10741,ขายแล้ว,L4.5,"
",17/02/2025,,Audrey Clinic,"
",โกดัง,,,,17/03/2025,,
SDL424C10742,ขายแล้ว,L4.5,"
",17/02/2025,,Boyoung clinic,"
",โกดัง,,,,13/03/2025,,
SDL424C10743,ขายแล้ว,L4.5,"
",17/02/2025,,BetterKhun BK Clinic,"
",โกดัง,,,,,,
SDL424C10747,ขายแล้ว,L4.5,"
",28/02/2025,,Soluna Clinic,"
",โกดัง,,,,25/03/2025,,
SDL424C10748,ขายแล้ว,L4.5,"
",28/02/2025,,Jins Clinic,"
",โกดัง,,Varn,,09/04/2025,,
SDL424C10750,ขายแล้ว,L4.5,"
",28/02/2025,,Biyo clinic,"
",โกดัง,,Chananpas,เบิกขาย,,,
SDL424C10753,ขายแล้ว,L4.5,"
",28/02/2025,,Skin Serve Beauty center เวียงจันทร์,"
",โกดัง,,,,,,
SDL424C10739,ขายแล้ว,L4.5,,,17/02/2025,Kay Clinic by Dr.Bell (พญาไท-เมืองทองธานี),,,,,,26/02/2025,,
SDL424C10740,ขายแล้ว,L4.5,,,17/02/2025,Mantra Clinic,,โกดัง,,,,06/03/2025,,
SDL424C10662,ขายแล้ว,L4.5,,,17/01/2025,Biyo clinic,,โกดัง,,,,05/02/2025,,
SDL424C10663,ขายแล้ว,L4.5,,,17/01/2025,Amor Clinic,,โกดัง,,,,05/02/2025,,
SDL424C10665,ขายแล้ว,L4.5,,,17/01/2025,Thana Clinic (บ้านโป่ง),,โกดัง,,,,04/02/2025,,
SDL424A10638,ขายแล้ว,L4.5,,,23/12/2024,Kay Hay Clinic (พระราม 2),,Office,,,,31/01/2025,,
SDL424C10664,ขายแล้ว,L4.5,,,17/01/2025,Meruk Clinic,,โกดัง,,,,29/01/2025,,
SDL424A10637,ขายแล้ว,L4.5,,,23/12/2024,Kay Hay Clinic (กาญจนา),,โกดัง,,Optima Aesthetic,เบิกขาย,09/01/2025,,
SDL424A10636,ขายแล้ว,L4.5,,,23/12/2024,Kay Hay Clinic (รังสิต),,โกดัง,,,,09/01/2025,,
SDL425210025,ขายแล้ว,L4.5,,,28/03/2025,Dermist Clinic,,โกดัง,,pangrum,เบิกขาย,05/05/2025,,
SDL425210026,ขายแล้ว,L4.5,,,28/03/2025,Warattaya clinic,,โกดัง,,Ruangkhaow,เบิกขาย,07/05/2025,,
SDL425210027,ขายแล้ว,L4.5,,,28/03/2025,Doctor Non Clinic,,โกดัง,,Chananpas,เบิกขาย,08/05/2025,,
SDL425210028,ขายแล้ว,L4.5,,,28/03/2025,Kisssi Clinic สาขาระยอง,,โกดัง,,Chananpas,เบิกขาย,08/05/2025,,
SDL425210029,ขายแล้ว,L4.5,,,28/03/2025,Baanluxah Clinic (Doolair Clinic),,โกดัง,,Ruangkhaow,เบิกขาย,30/05/2025,,
SDL425210030,ขายแล้ว,L4.5,,,28/03/2025,Rawiporn Clinic (Mor Ice Clinic),,โกดัง,,Not not,เบิกขาย,07/03/2026,,
SDL425310080,ขายแล้ว,L4.5,,,13/05/2025,Belove Wellness Clinic,,,,Chananpas,เบิกขาย,13/06/2025,,
SDL425310081,ขายแล้ว,L4.5,,,13/05/2025,Real Ramita Clinic,,,,,,,,
SDL425810372,ขายแล้ว,L4.5,,,01/09/2025,Velarose Clinic,,โกดัง,,,,,,
SDL425810376,ขายแล้ว,L4.5,,,01/09/2025,Prime Clinic ,,โกดัง,แยกติดเครื่อง 297 Neo,,,,,
SDL425B10588,ขายแล้ว,L4.5,,,25/12/2025,หมอทราย หมอฟ้า คลินิกปากช่อง,,,,,,,,
SDL424C10752,ไม่ผ่าน QC,L4.5,Scratches on the film (แต่ยังไม่รั่ว),28/02/2025,,,"
",โกดัง,,,,,,
SDL424A10639,DEMO,L4.5,"
",10/01/2025,,,"
",Office,,,,,,
SDL424A10640,DEMO,L4.5,"
",10/01/2025,,,,Office,,Not not,เบิก DEMO,27/06/2025,,
SDL425510247,DEMO,L4.5,,,27/06/2025,,,,,Not not,เบิก DEMO,27/01/2026,,
SDL923710123,พร้อมขาย,L9.0,,,28/03/2025,,,โกดัง,,,,,,
SDL923710132,พร้อมขาย,L9.0,,,28/03/2025,,,โกดัง,,,,,,
SDL925110135,พร้อมขาย,L9.0,,,13/05/2025,,,,,,,,,
SDL392571074,พร้อมขาย,L9.0,,,14/08/2025,,,โกดัง,แยกเก็บที่โกดัง,,,,,
SDL923710120,ขายแล้ว,L9.0,,,28/03/2025,Revize clinic,,โกดัง,,pangrum,เบิกขาย,23/04/2025,,
SDL925110142,ขายแล้ว,L9.0,,,13/05/2025,Soluna Clinic,,,,Varn,เบิกขาย,05/01/2026,,
SDL925110145,Support KOL,L9.0,,,27/06/2025,A-listic clinic,,,,Not not,Support KOL,30/09/2025,,
SDL124810459,ขายแล้ว,,,,21/10/2024,The Klinique (เอ็มโพเรียม-นครศรีธรรมราช),,โกดัง,,,,25/10/2024,,
